,date_day,season,year,month,day,workingday,weather,temp,atemp,hum,casual_user,registered_user,total_user,season_label,year_label,month_label,day_label,weather_label,workingday_label
0,2011-01-01,1,0,1,6,0,2,0.344167,0.363625,0.805833,331,654,985,spring,2011,January,Saturday,Mist/Cloudy,Weekend
1,2011-01-02,1,0,1,0,0,2,0.363478,0.353739,0.696087,131,670,801,spring,2011,January,Sunday,Mist/Cloudy,Weekend
2,2011-01-03,1,0,1,1,1,1,0.196364,0.189405,0.437273,120,1229,1349,spring,2011,January,Monday,Clear/Partly cloudy,Weekday
3,2011-01-04,1,0,1,2,1,1,0.2,0.212122,0.590435,108,1454,1562,spring,2011,January,Tuesday,Clear/Partly cloudy,Weekday
4,2011-01-05,1,0,1,3,1,1,0.226957,0.22927,0.436957,82,1518,1600,spring,2011,January,Wednesday,Clear/Partly cloudy,Weekday
5,2011-01-06,1,0,1,4,1,1,0.204348,0.233209,0.518261,88,1518,1606,spring,2011,January,Thursday,Clear/Partly cloudy,Weekday
6,2011-01-07,1,0,1,5,1,2,0.196522,0.208839,0.498696,148,1362,1510,spring,2011,January,Friday,Mist/Cloudy,Weekday
7,2011-01-08,1,0,1,6,0,2,0.165,0.162254,0.535833,68,891,959,spring,2011,January,Saturday,Mist/Cloudy,Weekend
8,2011-01-09,1,0,1,0,0,1,0.138333,0.116175,0.434167,54,768,822,spring,2011,January,Sunday,Clear/Partly cloudy,Weekend
9,2011-01-10,1,0,1,1,1,1,0.150833,0.150888,0.482917,41,1280,1321,spring,2011,January,Monday,Clear/Partly cloudy,Weekday
10,2011-01-11,1,0,1,2,1,2,0.169091,0.191464,0.686364,43,1220,1263,spring,2011,January,Tuesday,Mist/Cloudy,Weekday
11,2011-01-12,1,0,1,3,1,1,0.172727,0.160473,0.599545,25,1137,1162,spring,2011,January,Wednesday,Clear/Partly cloudy,Weekday
12,2011-01-13,1,0,1,4,1,1,0.165,0.150883,0.470417,38,1368,1406,spring,2011,January,Thursday,Clear/Partly cloudy,Weekday
13,2011-01-14,1,0,1,5,1,1,0.16087,0.188413,0.537826,54,1367,1421,spring,2011,January,Friday,Clear/Partly cloudy,Weekday
14,2011-01-15,1,0,1,6,0,2,0.233333,0.248112,0.49875,222,1026,1248,spring,2011,January,Saturday,Mist/Cloudy,Weekend
15,2011-01-16,1,0,1,0,0,1,0.231667,0.234217,0.48375,251,953,1204,spring,2011,January,Sunday,Clear/Partly cloudy,Weekend
16,2011-01-17,1,0,1,1,0,2,0.175833,0.176771,0.5375,117,883,1000,spring,2011,January,Monday,Mist/Cloudy,Weekend
17,2011-01-18,1,0,1,2,1,2,0.216667,0.232333,0.861667,9,674,683,spring,2011,January,Tuesday,Mist/Cloudy,Weekday
18,2011-01-19,1,0,1,3,1,2,0.292174,0.298422,0.741739,78,1572,1650,spring,2011,January,Wednesday,Mist/Cloudy,Weekday
19,2011-01-20,1,0,1,4,1,2,0.261667,0.25505,0.538333,83,1844,1927,spring,2011,January,Thursday,Mist/Cloudy,Weekday
20,2011-01-21,1,0,1,5,1,1,0.1775,0.157833,0.457083,75,1468,1543,spring,2011,January,Friday,Clear/Partly cloudy,Weekday
21,2011-01-22,1,0,1,6,0,1,0.0591304,0.0790696,0.4,93,888,981,spring,2011,January,Saturday,Clear/Partly cloudy,Weekend
22,2011-01-23,1,0,1,0,0,1,0.0965217,0.0988391,0.436522,150,836,986,spring,2011,January,Sunday,Clear/Partly cloudy,Weekend
23,2011-01-24,1,0,1,1,1,1,0.0973913,0.11793,0.491739,86,1330,1416,spring,2011,January,Monday,Clear/Partly cloudy,Weekday
24,2011-01-25,1,0,1,2,1,2,0.223478,0.234526,0.616957,186,1799,1985,spring,2011,January,Tuesday,Mist/Cloudy,Weekday
25,2011-01-26,1,0,1,3,1,3,0.2175,0.2036,0.8625,34,472,506,spring,2011,January,Wednesday,Light Snow/Rain,Weekday
26,2011-01-27,1,0,1,4,1,1,0.195,0.2197,0.6875,15,416,431,spring,2011,January,Thursday,Clear/Partly cloudy,Weekday
27,2011-01-28,1,0,1,5,1,2,0.203478,0.223317,0.793043,38,1129,1167,spring,2011,January,Friday,Mist/Cloudy,Weekday
28,2011-01-29,1,0,1,6,0,1,0.196522,0.212126,0.651739,123,975,1098,spring,2011,January,Saturday,Clear/Partly cloudy,Weekend
29,2011-01-30,1,0,1,0,0,1,0.216522,0.250322,0.722174,140,956,1096,spring,2011,January,Sunday,Clear/Partly cloudy,Weekend
30,2011-01-31,1,0,1,1,1,2,0.180833,0.18625,0.60375,42,1459,1501,spring,2011,January,Monday,Mist/Cloudy,Weekday
31,2011-02-01,1,0,2,2,1,2,0.192174,0.23453,0.829565,47,1313,1360,spring,2011,February,Tuesday,Mist/Cloudy,Weekday
32,2011-02-02,1,0,2,3,1,2,0.26,0.254417,0.775417,72,1454,1526,spring,2011,February,Wednesday,Mist/Cloudy,Weekday
33,2011-02-03,1,0,2,4,1,1,0.186957,0.177878,0.437826,61,1489,1550,spring,2011,February,Thursday,Clear/Partly cloudy,Weekday
34,2011-02-04,1,0,2,5,1,2,0.211304,0.228587,0.585217,88,1620,1708,spring,2011,February,Friday,Mist/Cloudy,Weekday
35,2011-02-05,1,0,2,6,0,2,0.233333,0.243058,0.929167,100,905,1005,spring,2011,February,Saturday,Mist/Cloudy,Weekend
36,2011-02-06,1,0,2,0,0,1,0.285833,0.291671,0.568333,354,1269,1623,spring,2011,February,Sunday,Clear/Partly cloudy,Weekend
37,2011-02-07,1,0,2,1,1,1,0.271667,0.303658,0.738333,120,1592,1712,spring,2011,February,Monday,Clear/Partly cloudy,Weekday
38,2011-02-08,1,0,2,2,1,1,0.220833,0.198246,0.537917,64,1466,1530,spring,2011,February,Tuesday,Clear/Partly cloudy,Weekday
39,2011-02-09,1,0,2,3,1,2,0.134783,0.144283,0.494783,53,1552,1605,spring,2011,February,Wednesday,Mist/Cloudy,Weekday
40,2011-02-10,1,0,2,4,1,1,0.144348,0.149548,0.437391,47,1491,1538,spring,2011,February,Thursday,Clear/Partly cloudy,Weekday
41,2011-02-11,1,0,2,5,1,1,0.189091,0.213509,0.506364,149,1597,1746,spring,2011,February,Friday,Clear/Partly cloudy,Weekday
42,2011-02-12,1,0,2,6,0,1,0.2225,0.232954,0.544167,288,1184,1472,spring,2011,February,Saturday,Clear/Partly cloudy,Weekend
43,2011-02-13,1,0,2,0,0,1,0.316522,0.324113,0.457391,397,1192,1589,spring,2011,February,Sunday,Clear/Partly cloudy,Weekend
44,2011-02-14,1,0,2,1,1,1,0.415,0.39835,0.375833,208,1705,1913,spring,2011,February,Monday,Clear/Partly cloudy,Weekday
45,2011-02-15,1,0,2,2,1,1,0.266087,0.254274,0.314348,140,1675,1815,spring,2011,February,Tuesday,Clear/Partly cloudy,Weekday
46,2011-02-16,1,0,2,3,1,1,0.318261,0.3162,0.423478,218,1897,2115,spring,2011,February,Wednesday,Clear/Partly cloudy,Weekday
47,2011-02-17,1,0,2,4,1,1,0.435833,0.428658,0.505,259,2216,2475,spring,2011,February,Thursday,Clear/Partly cloudy,Weekday
48,2011-02-18,1,0,2,5,1,1,0.521667,0.511983,0.516667,579,2348,2927,spring,2011,February,Friday,Clear/Partly cloudy,Weekday
49,2011-02-19,1,0,2,6,0,1,0.399167,0.391404,0.187917,532,1103,1635,spring,2011,February,Saturday,Clear/Partly cloudy,Weekend
50,2011-02-20,1,0,2,0,0,1,0.285217,0.27733,0.407826,639,1173,1812,spring,2011,February,Sunday,Clear/Partly cloudy,Weekend
51,2011-02-21,1,0,2,1,0,2,0.303333,0.284075,0.605,195,912,1107,spring,2011,February,Monday,Mist/Cloudy,Weekend
52,2011-02-22,1,0,2,2,1,1,0.182222,0.186033,0.577778,74,1376,1450,spring,2011,February,Tuesday,Clear/Partly cloudy,Weekday
53,2011-02-23,1,0,2,3,1,1,0.221739,0.245717,0.423043,139,1778,1917,spring,2011,February,Wednesday,Clear/Partly cloudy,Weekday
54,2011-02-24,1,0,2,4,1,2,0.295652,0.289191,0.697391,100,1707,1807,spring,2011,February,Thursday,Mist/Cloudy,Weekday
55,2011-02-25,1,0,2,5,1,2,0.364348,0.350461,0.712174,120,1341,1461,spring,2011,February,Friday,Mist/Cloudy,Weekday
56,2011-02-26,1,0,2,6,0,1,0.2825,0.282192,0.537917,424,1545,1969,spring,2011,February,Saturday,Clear/Partly cloudy,Weekend
57,2011-02-27,1,0,2,0,0,1,0.343478,0.351109,0.68,694,1708,2402,spring,2011,February,Sunday,Clear/Partly cloudy,Weekend
58,2011-02-28,1,0,2,1,1,2,0.407273,0.400118,0.876364,81,1365,1446,spring,2011,February,Monday,Mist/Cloudy,Weekday
59,2011-03-01,1,0,3,2,1,1,0.266667,0.263879,0.535,137,1714,1851,spring,2011,March,Tuesday,Clear/Partly cloudy,Weekday
60,2011-03-02,1,0,3,3,1,1,0.335,0.320071,0.449583,231,1903,2134,spring,2011,March,Wednesday,Clear/Partly cloudy,Weekday
61,2011-03-03,1,0,3,4,1,1,0.198333,0.200133,0.318333,123,1562,1685,spring,2011,March,Thursday,Clear/Partly cloudy,Weekday
62,2011-03-04,1,0,3,5,1,2,0.261667,0.255679,0.610417,214,1730,1944,spring,2011,March,Friday,Mist/Cloudy,Weekday
63,2011-03-05,1,0,3,6,0,2,0.384167,0.378779,0.789167,640,1437,2077,spring,2011,March,Saturday,Mist/Cloudy,Weekend
64,2011-03-06,1,0,3,0,0,2,0.376522,0.366252,0.948261,114,491,605,spring,2011,March,Sunday,Mist/Cloudy,Weekend
65,2011-03-07,1,0,3,1,1,1,0.261739,0.238461,0.551304,244,1628,1872,spring,2011,March,Monday,Clear/Partly cloudy,Weekday
66,2011-03-08,1,0,3,2,1,1,0.2925,0.3024,0.420833,316,1817,2133,spring,2011,March,Tuesday,Clear/Partly cloudy,Weekday
67,2011-03-09,1,0,3,3,1,2,0.295833,0.286608,0.775417,191,1700,1891,spring,2011,March,Wednesday,Mist/Cloudy,Weekday
68,2011-03-10,1,0,3,4,1,3,0.389091,0.385668,0.0,46,577,623,spring,2011,March,Thursday,Light Snow/Rain,Weekday
69,2011-03-11,1,0,3,5,1,2,0.316522,0.305,0.649565,247,1730,1977,spring,2011,March,Friday,Mist/Cloudy,Weekday
70,2011-03-12,1,0,3,6,0,1,0.329167,0.32575,0.594583,724,1408,2132,spring,2011,March,Saturday,Clear/Partly cloudy,Weekend
71,2011-03-13,1,0,3,0,0,1,0.384348,0.380091,0.527391,982,1435,2417,spring,2011,March,Sunday,Clear/Partly cloudy,Weekend
72,2011-03-14,1,0,3,1,1,1,0.325217,0.332,0.496957,359,1687,2046,spring,2011,March,Monday,Clear/Partly cloudy,Weekday
73,2011-03-15,1,0,3,2,1,2,0.317391,0.318178,0.655652,289,1767,2056,spring,2011,March,Tuesday,Mist/Cloudy,Weekday
74,2011-03-16,1,0,3,3,1,2,0.365217,0.36693,0.776522,321,1871,2192,spring,2011,March,Wednesday,Mist/Cloudy,Weekday
75,2011-03-17,1,0,3,4,1,1,0.415,0.410333,0.602917,424,2320,2744,spring,2011,March,Thursday,Clear/Partly cloudy,Weekday
76,2011-03-18,1,0,3,5,1,1,0.54,0.527009,0.525217,884,2355,3239,spring,2011,March,Friday,Clear/Partly cloudy,Weekday
77,2011-03-19,1,0,3,6,0,1,0.4725,0.466525,0.379167,1424,1693,3117,spring,2011,March,Saturday,Clear/Partly cloudy,Weekend
78,2011-03-20,1,0,3,0,0,1,0.3325,0.32575,0.47375,1047,1424,2471,spring,2011,March,Sunday,Clear/Partly cloudy,Weekend
79,2011-03-21,2,0,3,1,1,2,0.430435,0.409735,0.737391,401,1676,2077,summer,2011,March,Monday,Mist/Cloudy,Weekday
80,2011-03-22,2,0,3,2,1,1,0.441667,0.440642,0.624583,460,2243,2703,summer,2011,March,Tuesday,Clear/Partly cloudy,Weekday
81,2011-03-23,2,0,3,3,1,2,0.346957,0.337939,0.839565,203,1918,2121,summer,2011,March,Wednesday,Mist/Cloudy,Weekday
82,2011-03-24,2,0,3,4,1,2,0.285,0.270833,0.805833,166,1699,1865,summer,2011,March,Thursday,Mist/Cloudy,Weekday
83,2011-03-25,2,0,3,5,1,1,0.264167,0.256312,0.495,300,1910,2210,summer,2011,March,Friday,Clear/Partly cloudy,Weekday
84,2011-03-26,2,0,3,6,0,1,0.265833,0.257571,0.394167,981,1515,2496,summer,2011,March,Saturday,Clear/Partly cloudy,Weekend
85,2011-03-27,2,0,3,0,0,2,0.253043,0.250339,0.493913,472,1221,1693,summer,2011,March,Sunday,Mist/Cloudy,Weekend
86,2011-03-28,2,0,3,1,1,1,0.264348,0.257574,0.302174,222,1806,2028,summer,2011,March,Monday,Clear/Partly cloudy,Weekday
87,2011-03-29,2,0,3,2,1,1,0.3025,0.292908,0.314167,317,2108,2425,summer,2011,March,Tuesday,Clear/Partly cloudy,Weekday
88,2011-03-30,2,0,3,3,1,2,0.3,0.29735,0.646667,168,1368,1536,summer,2011,March,Wednesday,Mist/Cloudy,Weekday
89,2011-03-31,2,0,3,4,1,3,0.268333,0.257575,0.918333,179,1506,1685,summer,2011,March,Thursday,Light Snow/Rain,Weekday
90,2011-04-01,2,0,4,5,1,2,0.3,0.283454,0.68625,307,1920,2227,summer,2011,April,Friday,Mist/Cloudy,Weekday
91,2011-04-02,2,0,4,6,0,2,0.315,0.315637,0.65375,898,1354,2252,summer,2011,April,Saturday,Mist/Cloudy,Weekend
92,2011-04-03,2,0,4,0,0,1,0.378333,0.378767,0.48,1651,1598,3249,summer,2011,April,Sunday,Clear/Partly cloudy,Weekend
93,2011-04-04,2,0,4,1,1,1,0.573333,0.542929,0.42625,734,2381,3115,summer,2011,April,Monday,Clear/Partly cloudy,Weekday
94,2011-04-05,2,0,4,2,1,2,0.414167,0.39835,0.642083,167,1628,1795,summer,2011,April,Tuesday,Mist/Cloudy,Weekday
95,2011-04-06,2,0,4,3,1,1,0.390833,0.387608,0.470833,413,2395,2808,summer,2011,April,Wednesday,Clear/Partly cloudy,Weekday
96,2011-04-07,2,0,4,4,1,1,0.4375,0.433696,0.602917,571,2570,3141,summer,2011,April,Thursday,Clear/Partly cloudy,Weekday
97,2011-04-08,2,0,4,5,1,2,0.335833,0.324479,0.83625,172,1299,1471,summer,2011,April,Friday,Mist/Cloudy,Weekday
98,2011-04-09,2,0,4,6,0,2,0.3425,0.341529,0.8775,879,1576,2455,summer,2011,April,Saturday,Mist/Cloudy,Weekend
99,2011-04-10,2,0,4,0,0,2,0.426667,0.426737,0.8575,1188,1707,2895,summer,2011,April,Sunday,Mist/Cloudy,Weekend
100,2011-04-11,2,0,4,1,1,2,0.595652,0.565217,0.716956,855,2493,3348,summer,2011,April,Monday,Mist/Cloudy,Weekday
101,2011-04-12,2,0,4,2,1,2,0.5025,0.493054,0.739167,257,1777,2034,summer,2011,April,Tuesday,Mist/Cloudy,Weekday
102,2011-04-13,2,0,4,3,1,2,0.4125,0.417283,0.819167,209,1953,2162,summer,2011,April,Wednesday,Mist/Cloudy,Weekday
103,2011-04-14,2,0,4,4,1,1,0.4675,0.462742,0.540417,529,2738,3267,summer,2011,April,Thursday,Clear/Partly cloudy,Weekday
104,2011-04-15,2,0,4,5,0,1,0.446667,0.441913,0.67125,642,2484,3126,summer,2011,April,Friday,Clear/Partly cloudy,Weekend
105,2011-04-16,2,0,4,6,0,3,0.430833,0.425492,0.888333,121,674,795,summer,2011,April,Saturday,Light Snow/Rain,Weekend
106,2011-04-17,2,0,4,0,0,1,0.456667,0.445696,0.479583,1558,2186,3744,summer,2011,April,Sunday,Clear/Partly cloudy,Weekend
107,2011-04-18,2,0,4,1,1,1,0.5125,0.503146,0.5425,669,2760,3429,summer,2011,April,Monday,Clear/Partly cloudy,Weekday
108,2011-04-19,2,0,4,2,1,2,0.505833,0.489258,0.665833,409,2795,3204,summer,2011,April,Tuesday,Mist/Cloudy,Weekday
109,2011-04-20,2,0,4,3,1,1,0.595,0.564392,0.614167,613,3331,3944,summer,2011,April,Wednesday,Clear/Partly cloudy,Weekday
110,2011-04-21,2,0,4,4,1,1,0.459167,0.453892,0.407083,745,3444,4189,summer,2011,April,Thursday,Clear/Partly cloudy,Weekday
111,2011-04-22,2,0,4,5,1,2,0.336667,0.321954,0.729583,177,1506,1683,summer,2011,April,Friday,Mist/Cloudy,Weekday
112,2011-04-23,2,0,4,6,0,2,0.46,0.450121,0.887917,1462,2574,4036,summer,2011,April,Saturday,Mist/Cloudy,Weekend
113,2011-04-24,2,0,4,0,0,2,0.581667,0.551763,0.810833,1710,2481,4191,summer,2011,April,Sunday,Mist/Cloudy,Weekend
114,2011-04-25,2,0,4,1,1,1,0.606667,0.5745,0.776667,773,3300,4073,summer,2011,April,Monday,Clear/Partly cloudy,Weekday
115,2011-04-26,2,0,4,2,1,1,0.631667,0.594083,0.729167,678,3722,4400,summer,2011,April,Tuesday,Clear/Partly cloudy,Weekday
116,2011-04-27,2,0,4,3,1,2,0.62,0.575142,0.835417,547,3325,3872,summer,2011,April,Wednesday,Mist/Cloudy,Weekday
117,2011-04-28,2,0,4,4,1,2,0.6175,0.578929,0.700833,569,3489,4058,summer,2011,April,Thursday,Mist/Cloudy,Weekday
118,2011-04-29,2,0,4,5,1,1,0.51,0.497463,0.457083,878,3717,4595,summer,2011,April,Friday,Clear/Partly cloudy,Weekday
119,2011-04-30,2,0,4,6,0,1,0.4725,0.464021,0.503333,1965,3347,5312,summer,2011,April,Saturday,Clear/Partly cloudy,Weekend
120,2011-05-01,2,0,5,0,0,2,0.451667,0.448204,0.762083,1138,2213,3351,summer,2011,May,Sunday,Mist/Cloudy,Weekend
121,2011-05-02,2,0,5,1,1,2,0.549167,0.532833,0.73,847,3554,4401,summer,2011,May,Monday,Mist/Cloudy,Weekday
122,2011-05-03,2,0,5,2,1,2,0.616667,0.582079,0.697083,603,3848,4451,summer,2011,May,Tuesday,Mist/Cloudy,Weekday
123,2011-05-04,2,0,5,3,1,2,0.414167,0.40465,0.737083,255,2378,2633,summer,2011,May,Wednesday,Mist/Cloudy,Weekday
124,2011-05-05,2,0,5,4,1,1,0.459167,0.441917,0.444167,614,3819,4433,summer,2011,May,Thursday,Clear/Partly cloudy,Weekday
125,2011-05-06,2,0,5,5,1,1,0.479167,0.474117,0.59,894,3714,4608,summer,2011,May,Friday,Clear/Partly cloudy,Weekday
126,2011-05-07,2,0,5,6,0,1,0.52,0.512621,0.54125,1612,3102,4714,summer,2011,May,Saturday,Clear/Partly cloudy,Weekend
127,2011-05-08,2,0,5,0,0,1,0.528333,0.518933,0.631667,1401,2932,4333,summer,2011,May,Sunday,Clear/Partly cloudy,Weekend
128,2011-05-09,2,0,5,1,1,1,0.5325,0.525246,0.58875,664,3698,4362,summer,2011,May,Monday,Clear/Partly cloudy,Weekday
129,2011-05-10,2,0,5,2,1,1,0.5325,0.522721,0.489167,694,4109,4803,summer,2011,May,Tuesday,Clear/Partly cloudy,Weekday
130,2011-05-11,2,0,5,3,1,1,0.5425,0.5284,0.632917,550,3632,4182,summer,2011,May,Wednesday,Clear/Partly cloudy,Weekday
131,2011-05-12,2,0,5,4,1,1,0.535,0.523363,0.7475,695,4169,4864,summer,2011,May,Thursday,Clear/Partly cloudy,Weekday
132,2011-05-13,2,0,5,5,1,2,0.5125,0.4943,0.863333,692,3413,4105,summer,2011,May,Friday,Mist/Cloudy,Weekday
133,2011-05-14,2,0,5,6,0,2,0.520833,0.500629,0.9225,902,2507,3409,summer,2011,May,Saturday,Mist/Cloudy,Weekend
134,2011-05-15,2,0,5,0,0,2,0.5625,0.536,0.867083,1582,2971,4553,summer,2011,May,Sunday,Mist/Cloudy,Weekend
135,2011-05-16,2,0,5,1,1,1,0.5775,0.550512,0.787917,773,3185,3958,summer,2011,May,Monday,Clear/Partly cloudy,Weekday
136,2011-05-17,2,0,5,2,1,2,0.561667,0.538529,0.837917,678,3445,4123,summer,2011,May,Tuesday,Mist/Cloudy,Weekday
137,2011-05-18,2,0,5,3,1,2,0.55,0.527158,0.87,536,3319,3855,summer,2011,May,Wednesday,Mist/Cloudy,Weekday
138,2011-05-19,2,0,5,4,1,2,0.530833,0.510742,0.829583,735,3840,4575,summer,2011,May,Thursday,Mist/Cloudy,Weekday
139,2011-05-20,2,0,5,5,1,1,0.536667,0.529042,0.719583,909,4008,4917,summer,2011,May,Friday,Clear/Partly cloudy,Weekday
140,2011-05-21,2,0,5,6,0,1,0.6025,0.571975,0.626667,2258,3547,5805,summer,2011,May,Saturday,Clear/Partly cloudy,Weekend
141,2011-05-22,2,0,5,0,0,1,0.604167,0.5745,0.749583,1576,3084,4660,summer,2011,May,Sunday,Clear/Partly cloudy,Weekend
142,2011-05-23,2,0,5,1,1,2,0.631667,0.590296,0.81,836,3438,4274,summer,2011,May,Monday,Mist/Cloudy,Weekday
143,2011-05-24,2,0,5,2,1,2,0.66,0.604813,0.740833,659,3833,4492,summer,2011,May,Tuesday,Mist/Cloudy,Weekday
144,2011-05-25,2,0,5,3,1,1,0.660833,0.615542,0.69625,740,4238,4978,summer,2011,May,Wednesday,Clear/Partly cloudy,Weekday
145,2011-05-26,2,0,5,4,1,1,0.708333,0.654688,0.6775,758,3919,4677,summer,2011,May,Thursday,Clear/Partly cloudy,Weekday
146,2011-05-27,2,0,5,5,1,1,0.681667,0.637008,0.65375,871,3808,4679,summer,2011,May,Friday,Clear/Partly cloudy,Weekday
147,2011-05-28,2,0,5,6,0,1,0.655833,0.612379,0.729583,2001,2757,4758,summer,2011,May,Saturday,Clear/Partly cloudy,Weekend
148,2011-05-29,2,0,5,0,0,1,0.6675,0.61555,0.81875,2355,2433,4788,summer,2011,May,Sunday,Clear/Partly cloudy,Weekend
149,2011-05-30,2,0,5,1,0,1,0.733333,0.671092,0.685,1549,2549,4098,summer,2011,May,Monday,Clear/Partly cloudy,Weekend
150,2011-05-31,2,0,5,2,1,1,0.775,0.725383,0.636667,673,3309,3982,summer,2011,May,Tuesday,Clear/Partly cloudy,Weekday
151,2011-06-01,2,0,6,3,1,2,0.764167,0.720967,0.677083,513,3461,3974,summer,2011,June,Wednesday,Mist/Cloudy,Weekday
152,2011-06-02,2,0,6,4,1,1,0.715,0.643942,0.305,736,4232,4968,summer,2011,June,Thursday,Clear/Partly cloudy,Weekday
153,2011-06-03,2,0,6,5,1,1,0.62,0.587133,0.354167,898,4414,5312,summer,2011,June,Friday,Clear/Partly cloudy,Weekday
154,2011-06-04,2,0,6,6,0,1,0.635,0.594696,0.45625,1869,3473,5342,summer,2011,June,Saturday,Clear/Partly cloudy,Weekend
155,2011-06-05,2,0,6,0,0,2,0.648333,0.616804,0.6525,1685,3221,4906,summer,2011,June,Sunday,Mist/Cloudy,Weekend
156,2011-06-06,2,0,6,1,1,1,0.678333,0.621858,0.6,673,3875,4548,summer,2011,June,Monday,Clear/Partly cloudy,Weekday
157,2011-06-07,2,0,6,2,1,1,0.7075,0.65595,0.597917,763,4070,4833,summer,2011,June,Tuesday,Clear/Partly cloudy,Weekday
158,2011-06-08,2,0,6,3,1,1,0.775833,0.727279,0.622083,676,3725,4401,summer,2011,June,Wednesday,Clear/Partly cloudy,Weekday
159,2011-06-09,2,0,6,4,1,2,0.808333,0.757579,0.568333,563,3352,3915,summer,2011,June,Thursday,Mist/Cloudy,Weekday
160,2011-06-10,2,0,6,5,1,1,0.755,0.703292,0.605,815,3771,4586,summer,2011,June,Friday,Clear/Partly cloudy,Weekday
161,2011-06-11,2,0,6,6,0,1,0.725,0.678038,0.654583,1729,3237,4966,summer,2011,June,Saturday,Clear/Partly cloudy,Weekend
162,2011-06-12,2,0,6,0,0,1,0.6925,0.643325,0.747917,1467,2993,4460,summer,2011,June,Sunday,Clear/Partly cloudy,Weekend
163,2011-06-13,2,0,6,1,1,1,0.635,0.601654,0.494583,863,4157,5020,summer,2011,June,Monday,Clear/Partly cloudy,Weekday
164,2011-06-14,2,0,6,2,1,1,0.604167,0.591546,0.507083,727,4164,4891,summer,2011,June,Tuesday,Clear/Partly cloudy,Weekday
165,2011-06-15,2,0,6,3,1,1,0.626667,0.587754,0.471667,769,4411,5180,summer,2011,June,Wednesday,Clear/Partly cloudy,Weekday
166,2011-06-16,2,0,6,4,1,2,0.628333,0.595346,0.688333,545,3222,3767,summer,2011,June,Thursday,Mist/Cloudy,Weekday
167,2011-06-17,2,0,6,5,1,1,0.649167,0.600383,0.735833,863,3981,4844,summer,2011,June,Friday,Clear/Partly cloudy,Weekday
168,2011-06-18,2,0,6,6,0,1,0.696667,0.643954,0.670417,1807,3312,5119,summer,2011,June,Saturday,Clear/Partly cloudy,Weekend
169,2011-06-19,2,0,6,0,0,2,0.699167,0.645846,0.666667,1639,3105,4744,summer,2011,June,Sunday,Mist/Cloudy,Weekend
170,2011-06-20,2,0,6,1,1,2,0.635,0.595346,0.74625,699,3311,4010,summer,2011,June,Monday,Mist/Cloudy,Weekday
171,2011-06-21,3,0,6,2,1,2,0.680833,0.637646,0.770417,774,4061,4835,fall,2011,June,Tuesday,Mist/Cloudy,Weekday
172,2011-06-22,3,0,6,3,1,1,0.733333,0.693829,0.7075,661,3846,4507,fall,2011,June,Wednesday,Clear/Partly cloudy,Weekday
173,2011-06-23,3,0,6,4,1,2,0.728333,0.693833,0.703333,746,4044,4790,fall,2011,June,Thursday,Mist/Cloudy,Weekday
174,2011-06-24,3,0,6,5,1,1,0.724167,0.656583,0.573333,969,4022,4991,fall,2011,June,Friday,Clear/Partly cloudy,Weekday
175,2011-06-25,3,0,6,6,0,1,0.695,0.643313,0.483333,1782,3420,5202,fall,2011,June,Saturday,Clear/Partly cloudy,Weekend
176,2011-06-26,3,0,6,0,0,1,0.68,0.637629,0.513333,1920,3385,5305,fall,2011,June,Sunday,Clear/Partly cloudy,Weekend
177,2011-06-27,3,0,6,1,1,2,0.6825,0.637004,0.658333,854,3854,4708,fall,2011,June,Monday,Mist/Cloudy,Weekday
178,2011-06-28,3,0,6,2,1,1,0.744167,0.692558,0.634167,732,3916,4648,fall,2011,June,Tuesday,Clear/Partly cloudy,Weekday
179,2011-06-29,3,0,6,3,1,1,0.728333,0.654688,0.497917,848,4377,5225,fall,2011,June,Wednesday,Clear/Partly cloudy,Weekday
180,2011-06-30,3,0,6,4,1,1,0.696667,0.637008,0.434167,1027,4488,5515,fall,2011,June,Thursday,Clear/Partly cloudy,Weekday
181,2011-07-01,3,0,7,5,1,1,0.7225,0.652162,0.39625,1246,4116,5362,fall,2011,July,Friday,Clear/Partly cloudy,Weekday
182,2011-07-02,3,0,7,6,0,1,0.738333,0.667308,0.444583,2204,2915,5119,fall,2011,July,Saturday,Clear/Partly cloudy,Weekend
183,2011-07-03,3,0,7,0,0,2,0.716667,0.668575,0.6825,2282,2367,4649,fall,2011,July,Sunday,Mist/Cloudy,Weekend
184,2011-07-04,3,0,7,1,0,2,0.726667,0.665417,0.637917,3065,2978,6043,fall,2011,July,Monday,Mist/Cloudy,Weekend
185,2011-07-05,3,0,7,2,1,1,0.746667,0.696338,0.590417,1031,3634,4665,fall,2011,July,Tuesday,Clear/Partly cloudy,Weekday
186,2011-07-06,3,0,7,3,1,1,0.72,0.685633,0.743333,784,3845,4629,fall,2011,July,Wednesday,Clear/Partly cloudy,Weekday
187,2011-07-07,3,0,7,4,1,1,0.75,0.686871,0.65125,754,3838,4592,fall,2011,July,Thursday,Clear/Partly cloudy,Weekday
188,2011-07-08,3,0,7,5,1,2,0.709167,0.670483,0.757917,692,3348,4040,fall,2011,July,Friday,Mist/Cloudy,Weekday
189,2011-07-09,3,0,7,6,0,1,0.733333,0.664158,0.609167,1988,3348,5336,fall,2011,July,Saturday,Clear/Partly cloudy,Weekend
190,2011-07-10,3,0,7,0,0,1,0.7475,0.690025,0.578333,1743,3138,4881,fall,2011,July,Sunday,Clear/Partly cloudy,Weekend
191,2011-07-11,3,0,7,1,1,1,0.7625,0.729804,0.635833,723,3363,4086,fall,2011,July,Monday,Clear/Partly cloudy,Weekday
192,2011-07-12,3,0,7,2,1,1,0.794167,0.739275,0.559167,662,3596,4258,fall,2011,July,Tuesday,Clear/Partly cloudy,Weekday
193,2011-07-13,3,0,7,3,1,1,0.746667,0.689404,0.631667,748,3594,4342,fall,2011,July,Wednesday,Clear/Partly cloudy,Weekday
194,2011-07-14,3,0,7,4,1,1,0.680833,0.635104,0.47625,888,4196,5084,fall,2011,July,Thursday,Clear/Partly cloudy,Weekday
195,2011-07-15,3,0,7,5,1,1,0.663333,0.624371,0.59125,1318,4220,5538,fall,2011,July,Friday,Clear/Partly cloudy,Weekday
196,2011-07-16,3,0,7,6,0,1,0.686667,0.638263,0.585,2418,3505,5923,fall,2011,July,Saturday,Clear/Partly cloudy,Weekend
197,2011-07-17,3,0,7,0,0,1,0.719167,0.669833,0.604167,2006,3296,5302,fall,2011,July,Sunday,Clear/Partly cloudy,Weekend
198,2011-07-18,3,0,7,1,1,1,0.746667,0.703925,0.65125,841,3617,4458,fall,2011,July,Monday,Clear/Partly cloudy,Weekday
199,2011-07-19,3,0,7,2,1,1,0.776667,0.747479,0.650417,752,3789,4541,fall,2011,July,Tuesday,Clear/Partly cloudy,Weekday
200,2011-07-20,3,0,7,3,1,1,0.768333,0.74685,0.707083,644,3688,4332,fall,2011,July,Wednesday,Clear/Partly cloudy,Weekday
201,2011-07-21,3,0,7,4,1,2,0.815,0.826371,0.69125,632,3152,3784,fall,2011,July,Thursday,Mist/Cloudy,Weekday
202,2011-07-22,3,0,7,5,1,1,0.848333,0.840896,0.580417,562,2825,3387,fall,2011,July,Friday,Clear/Partly cloudy,Weekday
203,2011-07-23,3,0,7,6,0,1,0.849167,0.804287,0.5,987,2298,3285,fall,2011,July,Saturday,Clear/Partly cloudy,Weekend
204,2011-07-24,3,0,7,0,0,1,0.83,0.794829,0.550833,1050,2556,3606,fall,2011,July,Sunday,Clear/Partly cloudy,Weekend
205,2011-07-25,3,0,7,1,1,1,0.743333,0.720958,0.757083,568,3272,3840,fall,2011,July,Monday,Clear/Partly cloudy,Weekday
206,2011-07-26,3,0,7,2,1,1,0.771667,0.696979,0.540833,750,3840,4590,fall,2011,July,Tuesday,Clear/Partly cloudy,Weekday
207,2011-07-27,3,0,7,3,1,1,0.775,0.690667,0.402917,755,3901,4656,fall,2011,July,Wednesday,Clear/Partly cloudy,Weekday
208,2011-07-28,3,0,7,4,1,1,0.779167,0.7399,0.583333,606,3784,4390,fall,2011,July,Thursday,Clear/Partly cloudy,Weekday
209,2011-07-29,3,0,7,5,1,1,0.838333,0.785967,0.5425,670,3176,3846,fall,2011,July,Friday,Clear/Partly cloudy,Weekday
210,2011-07-30,3,0,7,6,0,1,0.804167,0.728537,0.465833,1559,2916,4475,fall,2011,July,Saturday,Clear/Partly cloudy,Weekend
211,2011-07-31,3,0,7,0,0,1,0.805833,0.729796,0.480833,1524,2778,4302,fall,2011,July,Sunday,Clear/Partly cloudy,Weekend
212,2011-08-01,3,0,8,1,1,1,0.771667,0.703292,0.550833,729,3537,4266,fall,2011,August,Monday,Clear/Partly cloudy,Weekday
213,2011-08-02,3,0,8,2,1,1,0.783333,0.707071,0.49125,801,4044,4845,fall,2011,August,Tuesday,Clear/Partly cloudy,Weekday
214,2011-08-03,3,0,8,3,1,2,0.731667,0.679937,0.6575,467,3107,3574,fall,2011,August,Wednesday,Mist/Cloudy,Weekday
215,2011-08-04,3,0,8,4,1,2,0.71,0.664788,0.7575,799,3777,4576,fall,2011,August,Thursday,Mist/Cloudy,Weekday
216,2011-08-05,3,0,8,5,1,1,0.710833,0.656567,0.630833,1023,3843,4866,fall,2011,August,Friday,Clear/Partly cloudy,Weekday
217,2011-08-06,3,0,8,6,0,2,0.716667,0.676154,0.755,1521,2773,4294,fall,2011,August,Saturday,Mist/Cloudy,Weekend
218,2011-08-07,3,0,8,0,0,1,0.7425,0.715292,0.752917,1298,2487,3785,fall,2011,August,Sunday,Clear/Partly cloudy,Weekend
219,2011-08-08,3,0,8,1,1,1,0.765,0.703283,0.592083,846,3480,4326,fall,2011,August,Monday,Clear/Partly cloudy,Weekday
220,2011-08-09,3,0,8,2,1,1,0.775,0.724121,0.570417,907,3695,4602,fall,2011,August,Tuesday,Clear/Partly cloudy,Weekday
221,2011-08-10,3,0,8,3,1,1,0.766667,0.684983,0.424167,884,3896,4780,fall,2011,August,Wednesday,Clear/Partly cloudy,Weekday
222,2011-08-11,3,0,8,4,1,1,0.7175,0.651521,0.42375,812,3980,4792,fall,2011,August,Thursday,Clear/Partly cloudy,Weekday
223,2011-08-12,3,0,8,5,1,1,0.708333,0.654042,0.415,1051,3854,4905,fall,2011,August,Friday,Clear/Partly cloudy,Weekday
224,2011-08-13,3,0,8,6,0,2,0.685833,0.645858,0.729583,1504,2646,4150,fall,2011,August,Saturday,Mist/Cloudy,Weekend
225,2011-08-14,3,0,8,0,0,2,0.676667,0.624388,0.8175,1338,2482,3820,fall,2011,August,Sunday,Mist/Cloudy,Weekend
226,2011-08-15,3,0,8,1,1,1,0.665833,0.616167,0.712083,775,3563,4338,fall,2011,August,Monday,Clear/Partly cloudy,Weekday
227,2011-08-16,3,0,8,2,1,1,0.700833,0.645837,0.578333,721,4004,4725,fall,2011,August,Tuesday,Clear/Partly cloudy,Weekday
228,2011-08-17,3,0,8,3,1,1,0.723333,0.666671,0.575417,668,4026,4694,fall,2011,August,Wednesday,Clear/Partly cloudy,Weekday
229,2011-08-18,3,0,8,4,1,1,0.711667,0.662258,0.654583,639,3166,3805,fall,2011,August,Thursday,Clear/Partly cloudy,Weekday
230,2011-08-19,3,0,8,5,1,2,0.685,0.633221,0.722917,797,3356,4153,fall,2011,August,Friday,Mist/Cloudy,Weekday
231,2011-08-20,3,0,8,6,0,1,0.6975,0.648996,0.674167,1914,3277,5191,fall,2011,August,Saturday,Clear/Partly cloudy,Weekend
232,2011-08-21,3,0,8,0,0,1,0.710833,0.675525,0.77,1249,2624,3873,fall,2011,August,Sunday,Clear/Partly cloudy,Weekend
233,2011-08-22,3,0,8,1,1,1,0.691667,0.638254,0.47,833,3925,4758,fall,2011,August,Monday,Clear/Partly cloudy,Weekday
234,2011-08-23,3,0,8,2,1,1,0.640833,0.606067,0.455417,1281,4614,5895,fall,2011,August,Tuesday,Clear/Partly cloudy,Weekday
235,2011-08-24,3,0,8,3,1,1,0.673333,0.630692,0.605,949,4181,5130,fall,2011,August,Wednesday,Clear/Partly cloudy,Weekday
236,2011-08-25,3,0,8,4,1,2,0.684167,0.645854,0.771667,435,3107,3542,fall,2011,August,Thursday,Mist/Cloudy,Weekday
237,2011-08-26,3,0,8,5,1,1,0.7,0.659733,0.76125,768,3893,4661,fall,2011,August,Friday,Clear/Partly cloudy,Weekday
238,2011-08-27,3,0,8,6,0,2,0.68,0.635556,0.85,226,889,1115,fall,2011,August,Saturday,Mist/Cloudy,Weekend
239,2011-08-28,3,0,8,0,0,1,0.707059,0.647959,0.561765,1415,2919,4334,fall,2011,August,Sunday,Clear/Partly cloudy,Weekend
240,2011-08-29,3,0,8,1,1,1,0.636667,0.607958,0.554583,729,3905,4634,fall,2011,August,Monday,Clear/Partly cloudy,Weekday
241,2011-08-30,3,0,8,2,1,1,0.639167,0.594704,0.548333,775,4429,5204,fall,2011,August,Tuesday,Clear/Partly cloudy,Weekday
242,2011-08-31,3,0,8,3,1,1,0.656667,0.611121,0.597917,688,4370,5058,fall,2011,August,Wednesday,Clear/Partly cloudy,Weekday
243,2011-09-01,3,0,9,4,1,1,0.655,0.614921,0.639167,783,4332,5115,fall,2011,September,Thursday,Clear/Partly cloudy,Weekday
244,2011-09-02,3,0,9,5,1,2,0.643333,0.604808,0.727083,875,3852,4727,fall,2011,September,Friday,Mist/Cloudy,Weekday
245,2011-09-03,3,0,9,6,0,1,0.669167,0.633213,0.716667,1935,2549,4484,fall,2011,September,Saturday,Clear/Partly cloudy,Weekend
246,2011-09-04,3,0,9,0,0,1,0.709167,0.665429,0.742083,2521,2419,4940,fall,2011,September,Sunday,Clear/Partly cloudy,Weekend
247,2011-09-05,3,0,9,1,0,2,0.673333,0.625646,0.790417,1236,2115,3351,fall,2011,September,Monday,Mist/Cloudy,Weekend
248,2011-09-06,3,0,9,2,1,3,0.54,0.5152,0.886957,204,2506,2710,fall,2011,September,Tuesday,Light Snow/Rain,Weekday
249,2011-09-07,3,0,9,3,1,3,0.599167,0.544229,0.917083,118,1878,1996,fall,2011,September,Wednesday,Light Snow/Rain,Weekday
250,2011-09-08,3,0,9,4,1,3,0.633913,0.555361,0.939565,153,1689,1842,fall,2011,September,Thursday,Light Snow/Rain,Weekday
251,2011-09-09,3,0,9,5,1,2,0.65,0.578946,0.897917,417,3127,3544,fall,2011,September,Friday,Mist/Cloudy,Weekday
252,2011-09-10,3,0,9,6,0,1,0.66,0.607962,0.75375,1750,3595,5345,fall,2011,September,Saturday,Clear/Partly cloudy,Weekend
253,2011-09-11,3,0,9,0,0,1,0.653333,0.609229,0.71375,1633,3413,5046,fall,2011,September,Sunday,Clear/Partly cloudy,Weekend
254,2011-09-12,3,0,9,1,1,1,0.644348,0.60213,0.692174,690,4023,4713,fall,2011,September,Monday,Clear/Partly cloudy,Weekday
255,2011-09-13,3,0,9,2,1,1,0.650833,0.603554,0.7125,701,4062,4763,fall,2011,September,Tuesday,Clear/Partly cloudy,Weekday
256,2011-09-14,3,0,9,3,1,1,0.673333,0.6269,0.697083,647,4138,4785,fall,2011,September,Wednesday,Clear/Partly cloudy,Weekday
257,2011-09-15,3,0,9,4,1,2,0.5775,0.553671,0.709167,428,3231,3659,fall,2011,September,Thursday,Mist/Cloudy,Weekday
258,2011-09-16,3,0,9,5,1,2,0.469167,0.461475,0.590417,742,4018,4760,fall,2011,September,Friday,Mist/Cloudy,Weekday
259,2011-09-17,3,0,9,6,0,2,0.491667,0.478512,0.718333,1434,3077,4511,fall,2011,September,Saturday,Mist/Cloudy,Weekend
260,2011-09-18,3,0,9,0,0,1,0.5075,0.490537,0.695,1353,2921,4274,fall,2011,September,Sunday,Clear/Partly cloudy,Weekend
261,2011-09-19,3,0,9,1,1,2,0.549167,0.529675,0.69,691,3848,4539,fall,2011,September,Monday,Mist/Cloudy,Weekday
262,2011-09-20,3,0,9,2,1,2,0.561667,0.532217,0.88125,438,3203,3641,fall,2011,September,Tuesday,Mist/Cloudy,Weekday
263,2011-09-21,3,0,9,3,1,2,0.595,0.550533,0.9,539,3813,4352,fall,2011,September,Wednesday,Mist/Cloudy,Weekday
264,2011-09-22,3,0,9,4,1,2,0.628333,0.554963,0.902083,555,4240,4795,fall,2011,September,Thursday,Mist/Cloudy,Weekday
265,2011-09-23,4,0,9,5,1,2,0.609167,0.522125,0.9725,258,2137,2395,winter,2011,September,Friday,Mist/Cloudy,Weekday
266,2011-09-24,4,0,9,6,0,2,0.606667,0.564412,0.8625,1776,3647,5423,winter,2011,September,Saturday,Mist/Cloudy,Weekend
267,2011-09-25,4,0,9,0,0,2,0.634167,0.572637,0.845,1544,3466,5010,winter,2011,September,Sunday,Mist/Cloudy,Weekend
268,2011-09-26,4,0,9,1,1,2,0.649167,0.589042,0.848333,684,3946,4630,winter,2011,September,Monday,Mist/Cloudy,Weekday
269,2011-09-27,4,0,9,2,1,2,0.636667,0.574525,0.885417,477,3643,4120,winter,2011,September,Tuesday,Mist/Cloudy,Weekday
270,2011-09-28,4,0,9,3,1,2,0.635,0.575158,0.84875,480,3427,3907,winter,2011,September,Wednesday,Mist/Cloudy,Weekday
271,2011-09-29,4,0,9,4,1,1,0.616667,0.574512,0.699167,653,4186,4839,winter,2011,September,Thursday,Clear/Partly cloudy,Weekday
272,2011-09-30,4,0,9,5,1,1,0.564167,0.544829,0.6475,830,4372,5202,winter,2011,September,Friday,Clear/Partly cloudy,Weekday
273,2011-10-01,4,0,10,6,0,2,0.41,0.412863,0.75375,480,1949,2429,winter,2011,October,Saturday,Mist/Cloudy,Weekend
274,2011-10-02,4,0,10,0,0,2,0.356667,0.345317,0.791667,616,2302,2918,winter,2011,October,Sunday,Mist/Cloudy,Weekend
275,2011-10-03,4,0,10,1,1,2,0.384167,0.392046,0.760833,330,3240,3570,winter,2011,October,Monday,Mist/Cloudy,Weekday
276,2011-10-04,4,0,10,2,1,1,0.484167,0.472858,0.71,486,3970,4456,winter,2011,October,Tuesday,Clear/Partly cloudy,Weekday
277,2011-10-05,4,0,10,3,1,1,0.538333,0.527138,0.647917,559,4267,4826,winter,2011,October,Wednesday,Clear/Partly cloudy,Weekday
278,2011-10-06,4,0,10,4,1,1,0.494167,0.480425,0.620833,639,4126,4765,winter,2011,October,Thursday,Clear/Partly cloudy,Weekday
279,2011-10-07,4,0,10,5,1,1,0.510833,0.504404,0.684167,949,4036,4985,winter,2011,October,Friday,Clear/Partly cloudy,Weekday
280,2011-10-08,4,0,10,6,0,1,0.521667,0.513242,0.70125,2235,3174,5409,winter,2011,October,Saturday,Clear/Partly cloudy,Weekend
281,2011-10-09,4,0,10,0,0,1,0.540833,0.523983,0.7275,2397,3114,5511,winter,2011,October,Sunday,Clear/Partly cloudy,Weekend
282,2011-10-10,4,0,10,1,0,1,0.570833,0.542925,0.73375,1514,3603,5117,winter,2011,October,Monday,Clear/Partly cloudy,Weekend
283,2011-10-11,4,0,10,2,1,2,0.566667,0.546096,0.80875,667,3896,4563,winter,2011,October,Tuesday,Mist/Cloudy,Weekday
284,2011-10-12,4,0,10,3,1,3,0.543333,0.517717,0.90625,217,2199,2416,winter,2011,October,Wednesday,Light Snow/Rain,Weekday
285,2011-10-13,4,0,10,4,1,2,0.589167,0.551804,0.896667,290,2623,2913,winter,2011,October,Thursday,Mist/Cloudy,Weekday
286,2011-10-14,4,0,10,5,1,2,0.550833,0.529675,0.71625,529,3115,3644,winter,2011,October,Friday,Mist/Cloudy,Weekday
287,2011-10-15,4,0,10,6,0,1,0.506667,0.498725,0.483333,1899,3318,5217,winter,2011,October,Saturday,Clear/Partly cloudy,Weekend
288,2011-10-16,4,0,10,0,0,1,0.511667,0.503154,0.486667,1748,3293,5041,winter,2011,October,Sunday,Clear/Partly cloudy,Weekend
289,2011-10-17,4,0,10,1,1,1,0.534167,0.510725,0.579583,713,3857,4570,winter,2011,October,Monday,Clear/Partly cloudy,Weekday
290,2011-10-18,4,0,10,2,1,2,0.5325,0.522721,0.701667,637,4111,4748,winter,2011,October,Tuesday,Mist/Cloudy,Weekday
291,2011-10-19,4,0,10,3,1,3,0.541739,0.513848,0.895217,254,2170,2424,winter,2011,October,Wednesday,Light Snow/Rain,Weekday
292,2011-10-20,4,0,10,4,1,1,0.475833,0.466525,0.63625,471,3724,4195,winter,2011,October,Thursday,Clear/Partly cloudy,Weekday
293,2011-10-21,4,0,10,5,1,1,0.4275,0.423596,0.574167,676,3628,4304,winter,2011,October,Friday,Clear/Partly cloudy,Weekday
294,2011-10-22,4,0,10,6,0,1,0.4225,0.425492,0.629167,1499,2809,4308,winter,2011,October,Saturday,Clear/Partly cloudy,Weekend
295,2011-10-23,4,0,10,0,0,1,0.421667,0.422333,0.74125,1619,2762,4381,winter,2011,October,Sunday,Clear/Partly cloudy,Weekend
296,2011-10-24,4,0,10,1,1,1,0.463333,0.457067,0.772083,699,3488,4187,winter,2011,October,Monday,Clear/Partly cloudy,Weekday
297,2011-10-25,4,0,10,2,1,1,0.471667,0.463375,0.622917,695,3992,4687,winter,2011,October,Tuesday,Clear/Partly cloudy,Weekday
298,2011-10-26,4,0,10,3,1,2,0.484167,0.472846,0.720417,404,3490,3894,winter,2011,October,Wednesday,Mist/Cloudy,Weekday
299,2011-10-27,4,0,10,4,1,2,0.47,0.457046,0.812917,240,2419,2659,winter,2011,October,Thursday,Mist/Cloudy,Weekday
300,2011-10-28,4,0,10,5,1,2,0.330833,0.318812,0.585833,456,3291,3747,winter,2011,October,Friday,Mist/Cloudy,Weekday
301,2011-10-29,4,0,10,6,0,3,0.254167,0.227913,0.8825,57,570,627,winter,2011,October,Saturday,Light Snow/Rain,Weekend
302,2011-10-30,4,0,10,0,0,1,0.319167,0.321329,0.62375,885,2446,3331,winter,2011,October,Sunday,Clear/Partly cloudy,Weekend
303,2011-10-31,4,0,10,1,1,1,0.34,0.356063,0.703333,362,3307,3669,winter,2011,October,Monday,Clear/Partly cloudy,Weekday
304,2011-11-01,4,0,11,2,1,1,0.400833,0.397088,0.68375,410,3658,4068,winter,2011,November,Tuesday,Clear/Partly cloudy,Weekday
305,2011-11-02,4,0,11,3,1,1,0.3775,0.390133,0.71875,370,3816,4186,winter,2011,November,Wednesday,Clear/Partly cloudy,Weekday
306,2011-11-03,4,0,11,4,1,1,0.408333,0.405921,0.702083,318,3656,3974,winter,2011,November,Thursday,Clear/Partly cloudy,Weekday
307,2011-11-04,4,0,11,5,1,2,0.403333,0.403392,0.6225,470,3576,4046,winter,2011,November,Friday,Mist/Cloudy,Weekday
308,2011-11-05,4,0,11,6,0,1,0.326667,0.323854,0.519167,1156,2770,3926,winter,2011,November,Saturday,Clear/Partly cloudy,Weekend
309,2011-11-06,4,0,11,0,0,1,0.348333,0.362358,0.734583,952,2697,3649,winter,2011,November,Sunday,Clear/Partly cloudy,Weekend
310,2011-11-07,4,0,11,1,1,1,0.395,0.400871,0.75875,373,3662,4035,winter,2011,November,Monday,Clear/Partly cloudy,Weekday
311,2011-11-08,4,0,11,2,1,1,0.408333,0.412246,0.721667,376,3829,4205,winter,2011,November,Tuesday,Clear/Partly cloudy,Weekday
312,2011-11-09,4,0,11,3,1,1,0.4,0.409079,0.758333,305,3804,4109,winter,2011,November,Wednesday,Clear/Partly cloudy,Weekday
313,2011-11-10,4,0,11,4,1,2,0.38,0.373721,0.813333,190,2743,2933,winter,2011,November,Thursday,Mist/Cloudy,Weekday
314,2011-11-11,4,0,11,5,0,1,0.324167,0.306817,0.44625,440,2928,3368,winter,2011,November,Friday,Clear/Partly cloudy,Weekend
315,2011-11-12,4,0,11,6,0,1,0.356667,0.357942,0.552917,1275,2792,4067,winter,2011,November,Saturday,Clear/Partly cloudy,Weekend
316,2011-11-13,4,0,11,0,0,1,0.440833,0.43055,0.458333,1004,2713,3717,winter,2011,November,Sunday,Clear/Partly cloudy,Weekend
317,2011-11-14,4,0,11,1,1,1,0.53,0.524612,0.587083,595,3891,4486,winter,2011,November,Monday,Clear/Partly cloudy,Weekday
318,2011-11-15,4,0,11,2,1,2,0.53,0.507579,0.68875,449,3746,4195,winter,2011,November,Tuesday,Mist/Cloudy,Weekday
319,2011-11-16,4,0,11,3,1,3,0.456667,0.451988,0.93,145,1672,1817,winter,2011,November,Wednesday,Light Snow/Rain,Weekday
320,2011-11-17,4,0,11,4,1,2,0.341667,0.323221,0.575833,139,2914,3053,winter,2011,November,Thursday,Mist/Cloudy,Weekday
321,2011-11-18,4,0,11,5,1,1,0.274167,0.272721,0.41,245,3147,3392,winter,2011,November,Friday,Clear/Partly cloudy,Weekday
322,2011-11-19,4,0,11,6,0,1,0.329167,0.324483,0.502083,943,2720,3663,winter,2011,November,Saturday,Clear/Partly cloudy,Weekend
323,2011-11-20,4,0,11,0,0,2,0.463333,0.457058,0.684583,787,2733,3520,winter,2011,November,Sunday,Mist/Cloudy,Weekend
324,2011-11-21,4,0,11,1,1,3,0.4475,0.445062,0.91,220,2545,2765,winter,2011,November,Monday,Light Snow/Rain,Weekday
325,2011-11-22,4,0,11,2,1,3,0.416667,0.421696,0.9625,69,1538,1607,winter,2011,November,Tuesday,Light Snow/Rain,Weekday
326,2011-11-23,4,0,11,3,1,2,0.440833,0.430537,0.757917,112,2454,2566,winter,2011,November,Wednesday,Mist/Cloudy,Weekday
327,2011-11-24,4,0,11,4,0,1,0.373333,0.372471,0.549167,560,935,1495,winter,2011,November,Thursday,Clear/Partly cloudy,Weekend
328,2011-11-25,4,0,11,5,1,1,0.375,0.380671,0.64375,1095,1697,2792,winter,2011,November,Friday,Clear/Partly cloudy,Weekday
329,2011-11-26,4,0,11,6,0,1,0.375833,0.385087,0.681667,1249,1819,3068,winter,2011,November,Saturday,Clear/Partly cloudy,Weekend
330,2011-11-27,4,0,11,0,0,1,0.459167,0.4558,0.698333,810,2261,3071,winter,2011,November,Sunday,Clear/Partly cloudy,Weekend
331,2011-11-28,4,0,11,1,1,1,0.503478,0.490122,0.743043,253,3614,3867,winter,2011,November,Monday,Clear/Partly cloudy,Weekday
332,2011-11-29,4,0,11,2,1,2,0.458333,0.451375,0.830833,96,2818,2914,winter,2011,November,Tuesday,Mist/Cloudy,Weekday
333,2011-11-30,4,0,11,3,1,1,0.325,0.311221,0.613333,188,3425,3613,winter,2011,November,Wednesday,Clear/Partly cloudy,Weekday
334,2011-12-01,4,0,12,4,1,1,0.3125,0.305554,0.524583,182,3545,3727,winter,2011,December,Thursday,Clear/Partly cloudy,Weekday
335,2011-12-02,4,0,12,5,1,1,0.314167,0.331433,0.625833,268,3672,3940,winter,2011,December,Friday,Clear/Partly cloudy,Weekday
336,2011-12-03,4,0,12,6,0,1,0.299167,0.310604,0.612917,706,2908,3614,winter,2011,December,Saturday,Clear/Partly cloudy,Weekend
337,2011-12-04,4,0,12,0,0,1,0.330833,0.3491,0.775833,634,2851,3485,winter,2011,December,Sunday,Clear/Partly cloudy,Weekend
338,2011-12-05,4,0,12,1,1,2,0.385833,0.393925,0.827083,233,3578,3811,winter,2011,December,Monday,Mist/Cloudy,Weekday
339,2011-12-06,4,0,12,2,1,3,0.4625,0.4564,0.949583,126,2468,2594,winter,2011,December,Tuesday,Light Snow/Rain,Weekday
340,2011-12-07,4,0,12,3,1,3,0.41,0.400246,0.970417,50,655,705,winter,2011,December,Wednesday,Light Snow/Rain,Weekday
341,2011-12-08,4,0,12,4,1,1,0.265833,0.256938,0.58,150,3172,3322,winter,2011,December,Thursday,Clear/Partly cloudy,Weekday
342,2011-12-09,4,0,12,5,1,1,0.290833,0.317542,0.695833,261,3359,3620,winter,2011,December,Friday,Clear/Partly cloudy,Weekday
343,2011-12-10,4,0,12,6,0,1,0.275,0.266412,0.5075,502,2688,3190,winter,2011,December,Saturday,Clear/Partly cloudy,Weekend
344,2011-12-11,4,0,12,0,0,1,0.220833,0.253154,0.49,377,2366,2743,winter,2011,December,Sunday,Clear/Partly cloudy,Weekend
345,2011-12-12,4,0,12,1,1,1,0.238333,0.270196,0.670833,143,3167,3310,winter,2011,December,Monday,Clear/Partly cloudy,Weekday
346,2011-12-13,4,0,12,2,1,1,0.2825,0.301138,0.59,155,3368,3523,winter,2011,December,Tuesday,Clear/Partly cloudy,Weekday
347,2011-12-14,4,0,12,3,1,2,0.3175,0.338362,0.66375,178,3562,3740,winter,2011,December,Wednesday,Mist/Cloudy,Weekday
348,2011-12-15,4,0,12,4,1,2,0.4225,0.412237,0.634167,181,3528,3709,winter,2011,December,Thursday,Mist/Cloudy,Weekday
349,2011-12-16,4,0,12,5,1,2,0.375,0.359825,0.500417,178,3399,3577,winter,2011,December,Friday,Mist/Cloudy,Weekday
350,2011-12-17,4,0,12,6,0,2,0.258333,0.249371,0.560833,275,2464,2739,winter,2011,December,Saturday,Mist/Cloudy,Weekend
351,2011-12-18,4,0,12,0,0,1,0.238333,0.245579,0.58625,220,2211,2431,winter,2011,December,Sunday,Clear/Partly cloudy,Weekend
352,2011-12-19,4,0,12,1,1,1,0.276667,0.280933,0.6375,260,3143,3403,winter,2011,December,Monday,Clear/Partly cloudy,Weekday
353,2011-12-20,4,0,12,2,1,2,0.385833,0.396454,0.595417,216,3534,3750,winter,2011,December,Tuesday,Mist/Cloudy,Weekday
354,2011-12-21,1,0,12,3,1,2,0.428333,0.428017,0.858333,107,2553,2660,spring,2011,December,Wednesday,Mist/Cloudy,Weekday
355,2011-12-22,1,0,12,4,1,2,0.423333,0.426121,0.7575,227,2841,3068,spring,2011,December,Thursday,Mist/Cloudy,Weekday
356,2011-12-23,1,0,12,5,1,1,0.373333,0.377513,0.68625,163,2046,2209,spring,2011,December,Friday,Clear/Partly cloudy,Weekday
357,2011-12-24,1,0,12,6,0,1,0.3025,0.299242,0.5425,155,856,1011,spring,2011,December,Saturday,Clear/Partly cloudy,Weekend
358,2011-12-25,1,0,12,0,0,1,0.274783,0.279961,0.681304,303,451,754,spring,2011,December,Sunday,Clear/Partly cloudy,Weekend
359,2011-12-26,1,0,12,1,0,1,0.321739,0.315535,0.506957,430,887,1317,spring,2011,December,Monday,Clear/Partly cloudy,Weekend
360,2011-12-27,1,0,12,2,1,2,0.325,0.327633,0.7625,103,1059,1162,spring,2011,December,Tuesday,Mist/Cloudy,Weekday
361,2011-12-28,1,0,12,3,1,1,0.29913,0.279974,0.503913,255,2047,2302,spring,2011,December,Wednesday,Clear/Partly cloudy,Weekday
362,2011-12-29,1,0,12,4,1,1,0.248333,0.263892,0.574167,254,2169,2423,spring,2011,December,Thursday,Clear/Partly cloudy,Weekday
363,2011-12-30,1,0,12,5,1,1,0.311667,0.318812,0.636667,491,2508,2999,spring,2011,December,Friday,Clear/Partly cloudy,Weekday
364,2011-12-31,1,0,12,6,0,1,0.41,0.414121,0.615833,665,1820,2485,spring,2011,December,Saturday,Clear/Partly cloudy,Weekend
365,2012-01-01,1,1,1,0,0,1,0.37,0.375621,0.6925,686,1608,2294,spring,2012,January,Sunday,Clear/Partly cloudy,Weekend
366,2012-01-02,1,1,1,1,0,1,0.273043,0.252304,0.381304,244,1707,1951,spring,2012,January,Monday,Clear/Partly cloudy,Weekend
367,2012-01-03,1,1,1,2,1,1,0.15,0.126275,0.44125,89,2147,2236,spring,2012,January,Tuesday,Clear/Partly cloudy,Weekday
368,2012-01-04,1,1,1,3,1,2,0.1075,0.119337,0.414583,95,2273,2368,spring,2012,January,Wednesday,Mist/Cloudy,Weekday
369,2012-01-05,1,1,1,4,1,1,0.265833,0.278412,0.524167,140,3132,3272,spring,2012,January,Thursday,Clear/Partly cloudy,Weekday
370,2012-01-06,1,1,1,5,1,1,0.334167,0.340267,0.542083,307,3791,4098,spring,2012,January,Friday,Clear/Partly cloudy,Weekday
371,2012-01-07,1,1,1,6,0,1,0.393333,0.390779,0.531667,1070,3451,4521,spring,2012,January,Saturday,Clear/Partly cloudy,Weekend
372,2012-01-08,1,1,1,0,0,1,0.3375,0.340258,0.465,599,2826,3425,spring,2012,January,Sunday,Clear/Partly cloudy,Weekend
373,2012-01-09,1,1,1,1,1,2,0.224167,0.247479,0.701667,106,2270,2376,spring,2012,January,Monday,Mist/Cloudy,Weekday
374,2012-01-10,1,1,1,2,1,1,0.308696,0.318826,0.646522,173,3425,3598,spring,2012,January,Tuesday,Clear/Partly cloudy,Weekday
375,2012-01-11,1,1,1,3,1,2,0.274167,0.282821,0.8475,92,2085,2177,spring,2012,January,Wednesday,Mist/Cloudy,Weekday
376,2012-01-12,1,1,1,4,1,2,0.3825,0.381938,0.802917,269,3828,4097,spring,2012,January,Thursday,Mist/Cloudy,Weekday
377,2012-01-13,1,1,1,5,1,1,0.274167,0.249362,0.5075,174,3040,3214,spring,2012,January,Friday,Clear/Partly cloudy,Weekday
378,2012-01-14,1,1,1,6,0,1,0.18,0.183087,0.4575,333,2160,2493,spring,2012,January,Saturday,Clear/Partly cloudy,Weekend
379,2012-01-15,1,1,1,0,0,1,0.166667,0.161625,0.419167,284,2027,2311,spring,2012,January,Sunday,Clear/Partly cloudy,Weekend
380,2012-01-16,1,1,1,1,0,1,0.19,0.190663,0.5225,217,2081,2298,spring,2012,January,Monday,Clear/Partly cloudy,Weekend
381,2012-01-17,1,1,1,2,1,2,0.373043,0.364278,0.716087,127,2808,2935,spring,2012,January,Tuesday,Mist/Cloudy,Weekday
382,2012-01-18,1,1,1,3,1,1,0.303333,0.275254,0.443333,109,3267,3376,spring,2012,January,Wednesday,Clear/Partly cloudy,Weekday
383,2012-01-19,1,1,1,4,1,1,0.19,0.190038,0.4975,130,3162,3292,spring,2012,January,Thursday,Clear/Partly cloudy,Weekday
384,2012-01-20,1,1,1,5,1,2,0.2175,0.220958,0.45,115,3048,3163,spring,2012,January,Friday,Mist/Cloudy,Weekday
385,2012-01-21,1,1,1,6,0,2,0.173333,0.174875,0.83125,67,1234,1301,spring,2012,January,Saturday,Mist/Cloudy,Weekend
386,2012-01-22,1,1,1,0,0,2,0.1625,0.16225,0.79625,196,1781,1977,spring,2012,January,Sunday,Mist/Cloudy,Weekend
387,2012-01-23,1,1,1,1,1,2,0.218333,0.243058,0.91125,145,2287,2432,spring,2012,January,Monday,Mist/Cloudy,Weekday
388,2012-01-24,1,1,1,2,1,1,0.3425,0.349108,0.835833,439,3900,4339,spring,2012,January,Tuesday,Clear/Partly cloudy,Weekday
389,2012-01-25,1,1,1,3,1,1,0.294167,0.294821,0.64375,467,3803,4270,spring,2012,January,Wednesday,Clear/Partly cloudy,Weekday
390,2012-01-26,1,1,1,4,1,2,0.341667,0.35605,0.769583,244,3831,4075,spring,2012,January,Thursday,Mist/Cloudy,Weekday
391,2012-01-27,1,1,1,5,1,2,0.425,0.415383,0.74125,269,3187,3456,spring,2012,January,Friday,Mist/Cloudy,Weekday
392,2012-01-28,1,1,1,6,0,1,0.315833,0.326379,0.543333,775,3248,4023,spring,2012,January,Saturday,Clear/Partly cloudy,Weekend
393,2012-01-29,1,1,1,0,0,1,0.2825,0.272721,0.31125,558,2685,3243,spring,2012,January,Sunday,Clear/Partly cloudy,Weekend
394,2012-01-30,1,1,1,1,1,1,0.269167,0.262625,0.400833,126,3498,3624,spring,2012,January,Monday,Clear/Partly cloudy,Weekday
395,2012-01-31,1,1,1,2,1,1,0.39,0.381317,0.416667,324,4185,4509,spring,2012,January,Tuesday,Clear/Partly cloudy,Weekday
396,2012-02-01,1,1,2,3,1,1,0.469167,0.466538,0.507917,304,4275,4579,spring,2012,February,Wednesday,Clear/Partly cloudy,Weekday
397,2012-02-02,1,1,2,4,1,2,0.399167,0.398971,0.672917,190,3571,3761,spring,2012,February,Thursday,Mist/Cloudy,Weekday
398,2012-02-03,1,1,2,5,1,1,0.313333,0.309346,0.526667,310,3841,4151,spring,2012,February,Friday,Clear/Partly cloudy,Weekday
399,2012-02-04,1,1,2,6,0,2,0.264167,0.272725,0.779583,384,2448,2832,spring,2012,February,Saturday,Mist/Cloudy,Weekend
400,2012-02-05,1,1,2,0,0,2,0.265833,0.264521,0.687917,318,2629,2947,spring,2012,February,Sunday,Mist/Cloudy,Weekend
401,2012-02-06,1,1,2,1,1,1,0.282609,0.296426,0.622174,206,3578,3784,spring,2012,February,Monday,Clear/Partly cloudy,Weekday
402,2012-02-07,1,1,2,2,1,1,0.354167,0.361104,0.49625,199,4176,4375,spring,2012,February,Tuesday,Clear/Partly cloudy,Weekday
403,2012-02-08,1,1,2,3,1,2,0.256667,0.266421,0.722917,109,2693,2802,spring,2012,February,Wednesday,Mist/Cloudy,Weekday
404,2012-02-09,1,1,2,4,1,1,0.265,0.261988,0.562083,163,3667,3830,spring,2012,February,Thursday,Clear/Partly cloudy,Weekday
405,2012-02-10,1,1,2,5,1,2,0.280833,0.293558,0.54,227,3604,3831,spring,2012,February,Friday,Mist/Cloudy,Weekday
406,2012-02-11,1,1,2,6,0,3,0.224167,0.210867,0.73125,192,1977,2169,spring,2012,February,Saturday,Light Snow/Rain,Weekend
407,2012-02-12,1,1,2,0,0,1,0.1275,0.101658,0.464583,73,1456,1529,spring,2012,February,Sunday,Clear/Partly cloudy,Weekend
408,2012-02-13,1,1,2,1,1,1,0.2225,0.227913,0.41125,94,3328,3422,spring,2012,February,Monday,Clear/Partly cloudy,Weekday
409,2012-02-14,1,1,2,2,1,2,0.319167,0.333946,0.50875,135,3787,3922,spring,2012,February,Tuesday,Mist/Cloudy,Weekday
410,2012-02-15,1,1,2,3,1,1,0.348333,0.351629,0.53125,141,4028,4169,spring,2012,February,Wednesday,Clear/Partly cloudy,Weekday
411,2012-02-16,1,1,2,4,1,2,0.316667,0.330162,0.752917,74,2931,3005,spring,2012,February,Thursday,Mist/Cloudy,Weekday
412,2012-02-17,1,1,2,5,1,1,0.343333,0.351629,0.634583,349,3805,4154,spring,2012,February,Friday,Clear/Partly cloudy,Weekday
413,2012-02-18,1,1,2,6,0,1,0.346667,0.355425,0.534583,1435,2883,4318,spring,2012,February,Saturday,Clear/Partly cloudy,Weekend
414,2012-02-19,1,1,2,0,0,2,0.28,0.265788,0.515833,618,2071,2689,spring,2012,February,Sunday,Mist/Cloudy,Weekend
415,2012-02-20,1,1,2,1,0,1,0.28,0.273391,0.507826,502,2627,3129,spring,2012,February,Monday,Clear/Partly cloudy,Weekend
416,2012-02-21,1,1,2,2,1,1,0.287826,0.295113,0.594348,163,3614,3777,spring,2012,February,Tuesday,Clear/Partly cloudy,Weekday
417,2012-02-22,1,1,2,3,1,1,0.395833,0.392667,0.567917,394,4379,4773,spring,2012,February,Wednesday,Clear/Partly cloudy,Weekday
418,2012-02-23,1,1,2,4,1,1,0.454167,0.444446,0.554583,516,4546,5062,spring,2012,February,Thursday,Clear/Partly cloudy,Weekday
419,2012-02-24,1,1,2,5,1,2,0.4075,0.410971,0.7375,246,3241,3487,spring,2012,February,Friday,Mist/Cloudy,Weekday
420,2012-02-25,1,1,2,6,0,1,0.290833,0.255675,0.395833,317,2415,2732,spring,2012,February,Saturday,Clear/Partly cloudy,Weekend
421,2012-02-26,1,1,2,0,0,1,0.279167,0.268308,0.41,515,2874,3389,spring,2012,February,Sunday,Clear/Partly cloudy,Weekend
422,2012-02-27,1,1,2,1,1,1,0.366667,0.357954,0.490833,253,4069,4322,spring,2012,February,Monday,Clear/Partly cloudy,Weekday
423,2012-02-28,1,1,2,2,1,1,0.359167,0.353525,0.395833,229,4134,4363,spring,2012,February,Tuesday,Clear/Partly cloudy,Weekday
424,2012-02-29,1,1,2,3,1,2,0.344348,0.34847,0.804783,65,1769,1834,spring,2012,February,Wednesday,Mist/Cloudy,Weekday
425,2012-03-01,1,1,3,4,1,1,0.485833,0.475371,0.615417,325,4665,4990,spring,2012,March,Thursday,Clear/Partly cloudy,Weekday
426,2012-03-02,1,1,3,5,1,2,0.353333,0.359842,0.657083,246,2948,3194,spring,2012,March,Friday,Mist/Cloudy,Weekday
427,2012-03-03,1,1,3,6,0,2,0.414167,0.413492,0.62125,956,3110,4066,spring,2012,March,Saturday,Mist/Cloudy,Weekend
428,2012-03-04,1,1,3,0,0,1,0.325833,0.303021,0.403333,710,2713,3423,spring,2012,March,Sunday,Clear/Partly cloudy,Weekend
429,2012-03-05,1,1,3,1,1,1,0.243333,0.241171,0.50625,203,3130,3333,spring,2012,March,Monday,Clear/Partly cloudy,Weekday
430,2012-03-06,1,1,3,2,1,1,0.258333,0.255042,0.456667,221,3735,3956,spring,2012,March,Tuesday,Clear/Partly cloudy,Weekday
431,2012-03-07,1,1,3,3,1,1,0.404167,0.3851,0.513333,432,4484,4916,spring,2012,March,Wednesday,Clear/Partly cloudy,Weekday
432,2012-03-08,1,1,3,4,1,1,0.5275,0.524604,0.5675,486,4896,5382,spring,2012,March,Thursday,Clear/Partly cloudy,Weekday
433,2012-03-09,1,1,3,5,1,2,0.410833,0.397083,0.407083,447,4122,4569,spring,2012,March,Friday,Mist/Cloudy,Weekday
434,2012-03-10,1,1,3,6,0,1,0.2875,0.277767,0.350417,968,3150,4118,spring,2012,March,Saturday,Clear/Partly cloudy,Weekend
435,2012-03-11,1,1,3,0,0,1,0.361739,0.35967,0.476957,1658,3253,4911,spring,2012,March,Sunday,Clear/Partly cloudy,Weekend
436,2012-03-12,1,1,3,1,1,1,0.466667,0.459592,0.489167,838,4460,5298,spring,2012,March,Monday,Clear/Partly cloudy,Weekday
437,2012-03-13,1,1,3,2,1,1,0.565,0.542929,0.6175,762,5085,5847,spring,2012,March,Tuesday,Clear/Partly cloudy,Weekday
438,2012-03-14,1,1,3,3,1,1,0.5725,0.548617,0.507083,997,5315,6312,spring,2012,March,Wednesday,Clear/Partly cloudy,Weekday
439,2012-03-15,1,1,3,4,1,1,0.5575,0.532825,0.579583,1005,5187,6192,spring,2012,March,Thursday,Clear/Partly cloudy,Weekday
440,2012-03-16,1,1,3,5,1,2,0.435833,0.436229,0.842083,548,3830,4378,spring,2012,March,Friday,Mist/Cloudy,Weekday
441,2012-03-17,1,1,3,6,0,2,0.514167,0.505046,0.755833,3155,4681,7836,spring,2012,March,Saturday,Mist/Cloudy,Weekend
442,2012-03-18,1,1,3,0,0,2,0.4725,0.464,0.81,2207,3685,5892,spring,2012,March,Sunday,Mist/Cloudy,Weekend
443,2012-03-19,1,1,3,1,1,1,0.545,0.532821,0.72875,982,5171,6153,spring,2012,March,Monday,Clear/Partly cloudy,Weekday
444,2012-03-20,1,1,3,2,1,1,0.560833,0.538533,0.807917,1051,5042,6093,spring,2012,March,Tuesday,Clear/Partly cloudy,Weekday
445,2012-03-21,2,1,3,3,1,2,0.531667,0.513258,0.82125,1122,5108,6230,summer,2012,March,Wednesday,Mist/Cloudy,Weekday
446,2012-03-22,2,1,3,4,1,1,0.554167,0.531567,0.83125,1334,5537,6871,summer,2012,March,Thursday,Clear/Partly cloudy,Weekday
447,2012-03-23,2,1,3,5,1,2,0.601667,0.570067,0.694167,2469,5893,8362,summer,2012,March,Friday,Mist/Cloudy,Weekday
448,2012-03-24,2,1,3,6,0,2,0.5025,0.486733,0.885417,1033,2339,3372,summer,2012,March,Saturday,Mist/Cloudy,Weekend
449,2012-03-25,2,1,3,0,0,2,0.4375,0.437488,0.880833,1532,3464,4996,summer,2012,March,Sunday,Mist/Cloudy,Weekend
450,2012-03-26,2,1,3,1,1,1,0.445833,0.43875,0.477917,795,4763,5558,summer,2012,March,Monday,Clear/Partly cloudy,Weekday
451,2012-03-27,2,1,3,2,1,1,0.323333,0.315654,0.29,531,4571,5102,summer,2012,March,Tuesday,Clear/Partly cloudy,Weekday
452,2012-03-28,2,1,3,3,1,1,0.484167,0.47095,0.48125,674,5024,5698,summer,2012,March,Wednesday,Clear/Partly cloudy,Weekday
453,2012-03-29,2,1,3,4,1,1,0.494167,0.482304,0.439167,834,5299,6133,summer,2012,March,Thursday,Clear/Partly cloudy,Weekday
454,2012-03-30,2,1,3,5,1,2,0.37,0.375621,0.580833,796,4663,5459,summer,2012,March,Friday,Mist/Cloudy,Weekday
455,2012-03-31,2,1,3,6,0,2,0.424167,0.421708,0.738333,2301,3934,6235,summer,2012,March,Saturday,Mist/Cloudy,Weekend
456,2012-04-01,2,1,4,0,0,2,0.425833,0.417287,0.67625,2347,3694,6041,summer,2012,April,Sunday,Mist/Cloudy,Weekend
457,2012-04-02,2,1,4,1,1,1,0.433913,0.427513,0.504348,1208,4728,5936,summer,2012,April,Monday,Clear/Partly cloudy,Weekday
458,2012-04-03,2,1,4,2,1,1,0.466667,0.461483,0.396667,1348,5424,6772,summer,2012,April,Tuesday,Clear/Partly cloudy,Weekday
459,2012-04-04,2,1,4,3,1,1,0.541667,0.53345,0.469583,1058,5378,6436,summer,2012,April,Wednesday,Clear/Partly cloudy,Weekday
460,2012-04-05,2,1,4,4,1,1,0.435,0.431163,0.374167,1192,5265,6457,summer,2012,April,Thursday,Clear/Partly cloudy,Weekday
461,2012-04-06,2,1,4,5,1,1,0.403333,0.390767,0.377083,1807,4653,6460,summer,2012,April,Friday,Clear/Partly cloudy,Weekday
462,2012-04-07,2,1,4,6,0,1,0.4375,0.426129,0.254167,3252,3605,6857,summer,2012,April,Saturday,Clear/Partly cloudy,Weekend
463,2012-04-08,2,1,4,0,0,1,0.5,0.492425,0.275833,2230,2939,5169,summer,2012,April,Sunday,Clear/Partly cloudy,Weekend
464,2012-04-09,2,1,4,1,1,1,0.489167,0.476638,0.3175,905,4680,5585,summer,2012,April,Monday,Clear/Partly cloudy,Weekday
465,2012-04-10,2,1,4,2,1,1,0.446667,0.436233,0.435,819,5099,5918,summer,2012,April,Tuesday,Clear/Partly cloudy,Weekday
466,2012-04-11,2,1,4,3,1,1,0.348696,0.337274,0.469565,482,4380,4862,summer,2012,April,Wednesday,Clear/Partly cloudy,Weekday
467,2012-04-12,2,1,4,4,1,1,0.3975,0.387604,0.46625,663,4746,5409,summer,2012,April,Thursday,Clear/Partly cloudy,Weekday
468,2012-04-13,2,1,4,5,1,1,0.4425,0.431808,0.408333,1252,5146,6398,summer,2012,April,Friday,Clear/Partly cloudy,Weekday
469,2012-04-14,2,1,4,6,0,1,0.495,0.487996,0.502917,2795,4665,7460,summer,2012,April,Saturday,Clear/Partly cloudy,Weekend
470,2012-04-15,2,1,4,0,0,1,0.606667,0.573875,0.507917,2846,4286,7132,summer,2012,April,Sunday,Clear/Partly cloudy,Weekend
471,2012-04-16,2,1,4,1,0,1,0.664167,0.614925,0.561667,1198,5172,6370,summer,2012,April,Monday,Clear/Partly cloudy,Weekend
472,2012-04-17,2,1,4,2,1,1,0.608333,0.598487,0.390417,989,5702,6691,summer,2012,April,Tuesday,Clear/Partly cloudy,Weekday
473,2012-04-18,2,1,4,3,1,2,0.463333,0.457038,0.569167,347,4020,4367,summer,2012,April,Wednesday,Mist/Cloudy,Weekday
474,2012-04-19,2,1,4,4,1,1,0.498333,0.493046,0.6125,846,5719,6565,summer,2012,April,Thursday,Clear/Partly cloudy,Weekday
475,2012-04-20,2,1,4,5,1,1,0.526667,0.515775,0.694583,1340,5950,7290,summer,2012,April,Friday,Clear/Partly cloudy,Weekday
476,2012-04-21,2,1,4,6,0,1,0.57,0.542921,0.682917,2541,4083,6624,summer,2012,April,Saturday,Clear/Partly cloudy,Weekend
477,2012-04-22,2,1,4,0,0,3,0.396667,0.389504,0.835417,120,907,1027,summer,2012,April,Sunday,Light Snow/Rain,Weekend
478,2012-04-23,2,1,4,1,1,2,0.321667,0.301125,0.766667,195,3019,3214,summer,2012,April,Monday,Mist/Cloudy,Weekday
479,2012-04-24,2,1,4,2,1,1,0.413333,0.405283,0.454167,518,5115,5633,summer,2012,April,Tuesday,Clear/Partly cloudy,Weekday
480,2012-04-25,2,1,4,3,1,1,0.476667,0.470317,0.427917,655,5541,6196,summer,2012,April,Wednesday,Clear/Partly cloudy,Weekday
481,2012-04-26,2,1,4,4,1,2,0.498333,0.483583,0.756667,475,4551,5026,summer,2012,April,Thursday,Mist/Cloudy,Weekday
482,2012-04-27,2,1,4,5,1,1,0.4575,0.452637,0.400833,1014,5219,6233,summer,2012,April,Friday,Clear/Partly cloudy,Weekday
483,2012-04-28,2,1,4,6,0,2,0.376667,0.377504,0.489583,1120,3100,4220,summer,2012,April,Saturday,Mist/Cloudy,Weekend
484,2012-04-29,2,1,4,0,0,1,0.458333,0.450121,0.587083,2229,4075,6304,summer,2012,April,Sunday,Clear/Partly cloudy,Weekend
485,2012-04-30,2,1,4,1,1,2,0.464167,0.457696,0.57,665,4907,5572,summer,2012,April,Monday,Mist/Cloudy,Weekday
486,2012-05-01,2,1,5,2,1,2,0.613333,0.577021,0.659583,653,5087,5740,summer,2012,May,Tuesday,Mist/Cloudy,Weekday
487,2012-05-02,2,1,5,3,1,1,0.564167,0.537896,0.797083,667,5502,6169,summer,2012,May,Wednesday,Clear/Partly cloudy,Weekday
488,2012-05-03,2,1,5,4,1,2,0.56,0.537242,0.768333,764,5657,6421,summer,2012,May,Thursday,Mist/Cloudy,Weekday
489,2012-05-04,2,1,5,5,1,1,0.6275,0.590917,0.735417,1069,5227,6296,summer,2012,May,Friday,Clear/Partly cloudy,Weekday
490,2012-05-05,2,1,5,6,0,2,0.621667,0.584608,0.756667,2496,4387,6883,summer,2012,May,Saturday,Mist/Cloudy,Weekend
491,2012-05-06,2,1,5,0,0,2,0.5625,0.546737,0.74,2135,4224,6359,summer,2012,May,Sunday,Mist/Cloudy,Weekend
492,2012-05-07,2,1,5,1,1,2,0.5375,0.527142,0.664167,1008,5265,6273,summer,2012,May,Monday,Mist/Cloudy,Weekday
493,2012-05-08,2,1,5,2,1,2,0.581667,0.557471,0.685833,738,4990,5728,summer,2012,May,Tuesday,Mist/Cloudy,Weekday
494,2012-05-09,2,1,5,3,1,2,0.575,0.553025,0.744167,620,4097,4717,summer,2012,May,Wednesday,Mist/Cloudy,Weekday
495,2012-05-10,2,1,5,4,1,1,0.505833,0.491783,0.552083,1026,5546,6572,summer,2012,May,Thursday,Clear/Partly cloudy,Weekday
496,2012-05-11,2,1,5,5,1,1,0.533333,0.520833,0.360417,1319,5711,7030,summer,2012,May,Friday,Clear/Partly cloudy,Weekday
497,2012-05-12,2,1,5,6,0,1,0.564167,0.544817,0.480417,2622,4807,7429,summer,2012,May,Saturday,Clear/Partly cloudy,Weekend
498,2012-05-13,2,1,5,0,0,1,0.6125,0.585238,0.57625,2172,3946,6118,summer,2012,May,Sunday,Clear/Partly cloudy,Weekend
499,2012-05-14,2,1,5,1,1,2,0.573333,0.5499,0.789583,342,2501,2843,summer,2012,May,Monday,Mist/Cloudy,Weekday
500,2012-05-15,2,1,5,2,1,2,0.611667,0.576404,0.794583,625,4490,5115,summer,2012,May,Tuesday,Mist/Cloudy,Weekday
501,2012-05-16,2,1,5,3,1,1,0.636667,0.595975,0.697917,991,6433,7424,summer,2012,May,Wednesday,Clear/Partly cloudy,Weekday
502,2012-05-17,2,1,5,4,1,1,0.593333,0.572613,0.52,1242,6142,7384,summer,2012,May,Thursday,Clear/Partly cloudy,Weekday
503,2012-05-18,2,1,5,5,1,1,0.564167,0.551121,0.523333,1521,6118,7639,summer,2012,May,Friday,Clear/Partly cloudy,Weekday
504,2012-05-19,2,1,5,6,0,1,0.6,0.566908,0.45625,3410,4884,8294,summer,2012,May,Saturday,Clear/Partly cloudy,Weekend
505,2012-05-20,2,1,5,0,0,1,0.620833,0.583967,0.530417,2704,4425,7129,summer,2012,May,Sunday,Clear/Partly cloudy,Weekend
506,2012-05-21,2,1,5,1,1,2,0.598333,0.565667,0.81125,630,3729,4359,summer,2012,May,Monday,Mist/Cloudy,Weekday
507,2012-05-22,2,1,5,2,1,2,0.615,0.580825,0.765833,819,5254,6073,summer,2012,May,Tuesday,Mist/Cloudy,Weekday
508,2012-05-23,2,1,5,3,1,2,0.621667,0.584612,0.774583,766,4494,5260,summer,2012,May,Wednesday,Mist/Cloudy,Weekday
509,2012-05-24,2,1,5,4,1,1,0.655,0.6067,0.716667,1059,5711,6770,summer,2012,May,Thursday,Clear/Partly cloudy,Weekday
510,2012-05-25,2,1,5,5,1,1,0.68,0.627529,0.747083,1417,5317,6734,summer,2012,May,Friday,Clear/Partly cloudy,Weekday
511,2012-05-26,2,1,5,6,0,1,0.6925,0.642696,0.7325,2855,3681,6536,summer,2012,May,Saturday,Clear/Partly cloudy,Weekend
512,2012-05-27,2,1,5,0,0,1,0.69,0.641425,0.697083,3283,3308,6591,summer,2012,May,Sunday,Clear/Partly cloudy,Weekend
513,2012-05-28,2,1,5,1,0,1,0.7125,0.6793,0.67625,2557,3486,6043,summer,2012,May,Monday,Clear/Partly cloudy,Weekend
514,2012-05-29,2,1,5,2,1,1,0.7225,0.672992,0.684583,880,4863,5743,summer,2012,May,Tuesday,Clear/Partly cloudy,Weekday
515,2012-05-30,2,1,5,3,1,2,0.656667,0.611129,0.67,745,6110,6855,summer,2012,May,Wednesday,Mist/Cloudy,Weekday
516,2012-05-31,2,1,5,4,1,1,0.68,0.631329,0.492917,1100,6238,7338,summer,2012,May,Thursday,Clear/Partly cloudy,Weekday
517,2012-06-01,2,1,6,5,1,2,0.654167,0.607962,0.755417,533,3594,4127,summer,2012,June,Friday,Mist/Cloudy,Weekday
518,2012-06-02,2,1,6,6,0,1,0.583333,0.566288,0.549167,2795,5325,8120,summer,2012,June,Saturday,Clear/Partly cloudy,Weekend
519,2012-06-03,2,1,6,0,0,1,0.6025,0.575133,0.493333,2494,5147,7641,summer,2012,June,Sunday,Clear/Partly cloudy,Weekend
520,2012-06-04,2,1,6,1,1,1,0.5975,0.578283,0.487083,1071,5927,6998,summer,2012,June,Monday,Clear/Partly cloudy,Weekday
521,2012-06-05,2,1,6,2,1,2,0.540833,0.525892,0.613333,968,6033,7001,summer,2012,June,Tuesday,Mist/Cloudy,Weekday
522,2012-06-06,2,1,6,3,1,1,0.554167,0.542292,0.61125,1027,6028,7055,summer,2012,June,Wednesday,Clear/Partly cloudy,Weekday
523,2012-06-07,2,1,6,4,1,1,0.6025,0.569442,0.567083,1038,6456,7494,summer,2012,June,Thursday,Clear/Partly cloudy,Weekday
524,2012-06-08,2,1,6,5,1,1,0.649167,0.597862,0.467917,1488,6248,7736,summer,2012,June,Friday,Clear/Partly cloudy,Weekday
525,2012-06-09,2,1,6,6,0,1,0.710833,0.648367,0.437083,2708,4790,7498,summer,2012,June,Saturday,Clear/Partly cloudy,Weekend
526,2012-06-10,2,1,6,0,0,1,0.726667,0.663517,0.538333,2224,4374,6598,summer,2012,June,Sunday,Clear/Partly cloudy,Weekend
527,2012-06-11,2,1,6,1,1,2,0.720833,0.659721,0.587917,1017,5647,6664,summer,2012,June,Monday,Mist/Cloudy,Weekday
528,2012-06-12,2,1,6,2,1,2,0.653333,0.597875,0.833333,477,4495,4972,summer,2012,June,Tuesday,Mist/Cloudy,Weekday
529,2012-06-13,2,1,6,3,1,1,0.655833,0.611117,0.582083,1173,6248,7421,summer,2012,June,Wednesday,Clear/Partly cloudy,Weekday
530,2012-06-14,2,1,6,4,1,1,0.648333,0.624383,0.569583,1180,6183,7363,summer,2012,June,Thursday,Clear/Partly cloudy,Weekday
531,2012-06-15,2,1,6,5,1,1,0.639167,0.599754,0.589583,1563,6102,7665,summer,2012,June,Friday,Clear/Partly cloudy,Weekday
532,2012-06-16,2,1,6,6,0,1,0.631667,0.594708,0.504167,2963,4739,7702,summer,2012,June,Saturday,Clear/Partly cloudy,Weekend
533,2012-06-17,2,1,6,0,0,1,0.5925,0.571975,0.59875,2634,4344,6978,summer,2012,June,Sunday,Clear/Partly cloudy,Weekend
534,2012-06-18,2,1,6,1,1,2,0.568333,0.544842,0.777917,653,4446,5099,summer,2012,June,Monday,Mist/Cloudy,Weekday
535,2012-06-19,2,1,6,2,1,1,0.688333,0.654692,0.69,968,5857,6825,summer,2012,June,Tuesday,Clear/Partly cloudy,Weekday
536,2012-06-20,2,1,6,3,1,1,0.7825,0.720975,0.592083,872,5339,6211,summer,2012,June,Wednesday,Clear/Partly cloudy,Weekday
537,2012-06-21,3,1,6,4,1,1,0.805833,0.752542,0.567917,778,5127,5905,fall,2012,June,Thursday,Clear/Partly cloudy,Weekday
538,2012-06-22,3,1,6,5,1,1,0.7775,0.724121,0.57375,964,4859,5823,fall,2012,June,Friday,Clear/Partly cloudy,Weekday
539,2012-06-23,3,1,6,6,0,1,0.731667,0.652792,0.534583,2657,4801,7458,fall,2012,June,Saturday,Clear/Partly cloudy,Weekend
540,2012-06-24,3,1,6,0,0,1,0.743333,0.674254,0.479167,2551,4340,6891,fall,2012,June,Sunday,Clear/Partly cloudy,Weekend
541,2012-06-25,3,1,6,1,1,1,0.715833,0.654042,0.504167,1139,5640,6779,fall,2012,June,Monday,Clear/Partly cloudy,Weekday
542,2012-06-26,3,1,6,2,1,1,0.630833,0.594704,0.373333,1077,6365,7442,fall,2012,June,Tuesday,Clear/Partly cloudy,Weekday
543,2012-06-27,3,1,6,3,1,1,0.6975,0.640792,0.36,1077,6258,7335,fall,2012,June,Wednesday,Clear/Partly cloudy,Weekday
544,2012-06-28,3,1,6,4,1,1,0.749167,0.675512,0.4225,921,5958,6879,fall,2012,June,Thursday,Clear/Partly cloudy,Weekday
545,2012-06-29,3,1,6,5,1,1,0.834167,0.786613,0.48875,829,4634,5463,fall,2012,June,Friday,Clear/Partly cloudy,Weekday
546,2012-06-30,3,1,6,6,0,1,0.765,0.687508,0.60125,1455,4232,5687,fall,2012,June,Saturday,Clear/Partly cloudy,Weekend
547,2012-07-01,3,1,7,0,0,1,0.815833,0.750629,0.51875,1421,4110,5531,fall,2012,July,Sunday,Clear/Partly cloudy,Weekend
548,2012-07-02,3,1,7,1,1,1,0.781667,0.702038,0.447083,904,5323,6227,fall,2012,July,Monday,Clear/Partly cloudy,Weekday
549,2012-07-03,3,1,7,2,1,1,0.780833,0.70265,0.492083,1052,5608,6660,fall,2012,July,Tuesday,Clear/Partly cloudy,Weekday
550,2012-07-04,3,1,7,3,0,1,0.789167,0.732337,0.53875,2562,4841,7403,fall,2012,July,Wednesday,Clear/Partly cloudy,Weekend
551,2012-07-05,3,1,7,4,1,1,0.8275,0.761367,0.457917,1405,4836,6241,fall,2012,July,Thursday,Clear/Partly cloudy,Weekday
552,2012-07-06,3,1,7,5,1,1,0.828333,0.752533,0.450833,1366,4841,6207,fall,2012,July,Friday,Clear/Partly cloudy,Weekday
553,2012-07-07,3,1,7,6,0,1,0.861667,0.804913,0.492083,1448,3392,4840,fall,2012,July,Saturday,Clear/Partly cloudy,Weekend
554,2012-07-08,3,1,7,0,0,1,0.8225,0.790396,0.57375,1203,3469,4672,fall,2012,July,Sunday,Clear/Partly cloudy,Weekend
555,2012-07-09,3,1,7,1,1,2,0.710833,0.654054,0.683333,998,5571,6569,fall,2012,July,Monday,Mist/Cloudy,Weekday
556,2012-07-10,3,1,7,2,1,2,0.720833,0.664796,0.6675,954,5336,6290,fall,2012,July,Tuesday,Mist/Cloudy,Weekday
557,2012-07-11,3,1,7,3,1,1,0.716667,0.650271,0.633333,975,6289,7264,fall,2012,July,Wednesday,Clear/Partly cloudy,Weekday
558,2012-07-12,3,1,7,4,1,1,0.715833,0.654683,0.529583,1032,6414,7446,fall,2012,July,Thursday,Clear/Partly cloudy,Weekday
559,2012-07-13,3,1,7,5,1,2,0.731667,0.667933,0.485833,1511,5988,7499,fall,2012,July,Friday,Mist/Cloudy,Weekday
560,2012-07-14,3,1,7,6,0,2,0.703333,0.666042,0.699167,2355,4614,6969,fall,2012,July,Saturday,Mist/Cloudy,Weekend
561,2012-07-15,3,1,7,0,0,1,0.745833,0.705196,0.717917,1920,4111,6031,fall,2012,July,Sunday,Clear/Partly cloudy,Weekend
562,2012-07-16,3,1,7,1,1,1,0.763333,0.724125,0.645,1088,5742,6830,fall,2012,July,Monday,Clear/Partly cloudy,Weekday
563,2012-07-17,3,1,7,2,1,1,0.818333,0.755683,0.505833,921,5865,6786,fall,2012,July,Tuesday,Clear/Partly cloudy,Weekday
564,2012-07-18,3,1,7,3,1,1,0.793333,0.745583,0.577083,799,4914,5713,fall,2012,July,Wednesday,Clear/Partly cloudy,Weekday
565,2012-07-19,3,1,7,4,1,1,0.77,0.714642,0.600417,888,5703,6591,fall,2012,July,Thursday,Clear/Partly cloudy,Weekday
566,2012-07-20,3,1,7,5,1,2,0.665833,0.613025,0.844167,747,5123,5870,fall,2012,July,Friday,Mist/Cloudy,Weekday
567,2012-07-21,3,1,7,6,0,3,0.595833,0.549912,0.865417,1264,3195,4459,fall,2012,July,Saturday,Light Snow/Rain,Weekend
568,2012-07-22,3,1,7,0,0,2,0.6675,0.623125,0.7625,2544,4866,7410,fall,2012,July,Sunday,Mist/Cloudy,Weekend
569,2012-07-23,3,1,7,1,1,1,0.741667,0.690017,0.694167,1135,5831,6966,fall,2012,July,Monday,Clear/Partly cloudy,Weekday
570,2012-07-24,3,1,7,2,1,1,0.750833,0.70645,0.655,1140,6452,7592,fall,2012,July,Tuesday,Clear/Partly cloudy,Weekday
571,2012-07-25,3,1,7,3,1,1,0.724167,0.654054,0.45,1383,6790,8173,fall,2012,July,Wednesday,Clear/Partly cloudy,Weekday
572,2012-07-26,3,1,7,4,1,1,0.776667,0.739263,0.596667,1036,5825,6861,fall,2012,July,Thursday,Clear/Partly cloudy,Weekday
573,2012-07-27,3,1,7,5,1,1,0.781667,0.734217,0.594583,1259,5645,6904,fall,2012,July,Friday,Clear/Partly cloudy,Weekday
574,2012-07-28,3,1,7,6,0,1,0.755833,0.697604,0.613333,2234,4451,6685,fall,2012,July,Saturday,Clear/Partly cloudy,Weekend
575,2012-07-29,3,1,7,0,0,1,0.721667,0.667933,0.62375,2153,4444,6597,fall,2012,July,Sunday,Clear/Partly cloudy,Weekend
576,2012-07-30,3,1,7,1,1,1,0.730833,0.684987,0.66875,1040,6065,7105,fall,2012,July,Monday,Clear/Partly cloudy,Weekday
577,2012-07-31,3,1,7,2,1,1,0.713333,0.662896,0.704167,968,6248,7216,fall,2012,July,Tuesday,Clear/Partly cloudy,Weekday
578,2012-08-01,3,1,8,3,1,1,0.7175,0.667308,0.6775,1074,6506,7580,fall,2012,August,Wednesday,Clear/Partly cloudy,Weekday
579,2012-08-02,3,1,8,4,1,1,0.7525,0.707088,0.659583,983,6278,7261,fall,2012,August,Thursday,Clear/Partly cloudy,Weekday
580,2012-08-03,3,1,8,5,1,2,0.765833,0.722867,0.6425,1328,5847,7175,fall,2012,August,Friday,Mist/Cloudy,Weekday
581,2012-08-04,3,1,8,6,0,1,0.793333,0.751267,0.613333,2345,4479,6824,fall,2012,August,Saturday,Clear/Partly cloudy,Weekend
582,2012-08-05,3,1,8,0,0,1,0.769167,0.731079,0.6525,1707,3757,5464,fall,2012,August,Sunday,Clear/Partly cloudy,Weekend
583,2012-08-06,3,1,8,1,1,2,0.7525,0.710246,0.654167,1233,5780,7013,fall,2012,August,Monday,Mist/Cloudy,Weekday
584,2012-08-07,3,1,8,2,1,2,0.735833,0.697621,0.70375,1278,5995,7273,fall,2012,August,Tuesday,Mist/Cloudy,Weekday
585,2012-08-08,3,1,8,3,1,2,0.75,0.707717,0.672917,1263,6271,7534,fall,2012,August,Wednesday,Mist/Cloudy,Weekday
586,2012-08-09,3,1,8,4,1,1,0.755833,0.699508,0.620417,1196,6090,7286,fall,2012,August,Thursday,Clear/Partly cloudy,Weekday
587,2012-08-10,3,1,8,5,1,2,0.715833,0.667942,0.715833,1065,4721,5786,fall,2012,August,Friday,Mist/Cloudy,Weekday
588,2012-08-11,3,1,8,6,0,2,0.6925,0.638267,0.732917,2247,4052,6299,fall,2012,August,Saturday,Mist/Cloudy,Weekend
589,2012-08-12,3,1,8,0,0,1,0.700833,0.644579,0.530417,2182,4362,6544,fall,2012,August,Sunday,Clear/Partly cloudy,Weekend
590,2012-08-13,3,1,8,1,1,1,0.720833,0.662254,0.545417,1207,5676,6883,fall,2012,August,Monday,Clear/Partly cloudy,Weekday
591,2012-08-14,3,1,8,2,1,1,0.726667,0.676779,0.686667,1128,5656,6784,fall,2012,August,Tuesday,Clear/Partly cloudy,Weekday
592,2012-08-15,3,1,8,3,1,1,0.706667,0.654037,0.619583,1198,6149,7347,fall,2012,August,Wednesday,Clear/Partly cloudy,Weekday
593,2012-08-16,3,1,8,4,1,1,0.719167,0.654688,0.519167,1338,6267,7605,fall,2012,August,Thursday,Clear/Partly cloudy,Weekday
594,2012-08-17,3,1,8,5,1,1,0.723333,0.2424,0.570833,1483,5665,7148,fall,2012,August,Friday,Clear/Partly cloudy,Weekday
595,2012-08-18,3,1,8,6,0,1,0.678333,0.618071,0.603333,2827,5038,7865,fall,2012,August,Saturday,Clear/Partly cloudy,Weekend
596,2012-08-19,3,1,8,0,0,2,0.635833,0.603554,0.711667,1208,3341,4549,fall,2012,August,Sunday,Mist/Cloudy,Weekend
597,2012-08-20,3,1,8,1,1,2,0.635833,0.595967,0.734167,1026,5504,6530,fall,2012,August,Monday,Mist/Cloudy,Weekday
598,2012-08-21,3,1,8,2,1,1,0.649167,0.601025,0.67375,1081,5925,7006,fall,2012,August,Tuesday,Clear/Partly cloudy,Weekday
599,2012-08-22,3,1,8,3,1,1,0.6675,0.621854,0.677083,1094,6281,7375,fall,2012,August,Wednesday,Clear/Partly cloudy,Weekday
600,2012-08-23,3,1,8,4,1,1,0.695833,0.637008,0.635833,1363,6402,7765,fall,2012,August,Thursday,Clear/Partly cloudy,Weekday
601,2012-08-24,3,1,8,5,1,2,0.7025,0.6471,0.615,1325,6257,7582,fall,2012,August,Friday,Mist/Cloudy,Weekday
602,2012-08-25,3,1,8,6,0,2,0.661667,0.618696,0.712917,1829,4224,6053,fall,2012,August,Saturday,Mist/Cloudy,Weekend
603,2012-08-26,3,1,8,0,0,2,0.653333,0.595996,0.845833,1483,3772,5255,fall,2012,August,Sunday,Mist/Cloudy,Weekend
604,2012-08-27,3,1,8,1,1,1,0.703333,0.654688,0.730417,989,5928,6917,fall,2012,August,Monday,Clear/Partly cloudy,Weekday
605,2012-08-28,3,1,8,2,1,1,0.728333,0.66605,0.62,935,6105,7040,fall,2012,August,Tuesday,Clear/Partly cloudy,Weekday
606,2012-08-29,3,1,8,3,1,1,0.685,0.635733,0.552083,1177,6520,7697,fall,2012,August,Wednesday,Clear/Partly cloudy,Weekday
607,2012-08-30,3,1,8,4,1,1,0.706667,0.652779,0.590417,1172,6541,7713,fall,2012,August,Thursday,Clear/Partly cloudy,Weekday
608,2012-08-31,3,1,8,5,1,1,0.764167,0.6894,0.5875,1433,5917,7350,fall,2012,August,Friday,Clear/Partly cloudy,Weekday
609,2012-09-01,3,1,9,6,0,2,0.753333,0.702654,0.638333,2352,3788,6140,fall,2012,September,Saturday,Mist/Cloudy,Weekend
610,2012-09-02,3,1,9,0,0,2,0.696667,0.649,0.815,2613,3197,5810,fall,2012,September,Sunday,Mist/Cloudy,Weekend
611,2012-09-03,3,1,9,1,0,1,0.7075,0.661629,0.790833,1965,4069,6034,fall,2012,September,Monday,Clear/Partly cloudy,Weekend
612,2012-09-04,3,1,9,2,1,1,0.725833,0.686888,0.755,867,5997,6864,fall,2012,September,Tuesday,Clear/Partly cloudy,Weekday
613,2012-09-05,3,1,9,3,1,1,0.736667,0.708983,0.74125,832,6280,7112,fall,2012,September,Wednesday,Clear/Partly cloudy,Weekday
614,2012-09-06,3,1,9,4,1,2,0.696667,0.655329,0.810417,611,5592,6203,fall,2012,September,Thursday,Mist/Cloudy,Weekday
615,2012-09-07,3,1,9,5,1,1,0.703333,0.657204,0.73625,1045,6459,7504,fall,2012,September,Friday,Clear/Partly cloudy,Weekday
616,2012-09-08,3,1,9,6,0,2,0.659167,0.611121,0.799167,1557,4419,5976,fall,2012,September,Saturday,Mist/Cloudy,Weekend
617,2012-09-09,3,1,9,0,0,1,0.61,0.578925,0.5475,2570,5657,8227,fall,2012,September,Sunday,Clear/Partly cloudy,Weekend
618,2012-09-10,3,1,9,1,1,1,0.583333,0.565654,0.50375,1118,6407,7525,fall,2012,September,Monday,Clear/Partly cloudy,Weekday
619,2012-09-11,3,1,9,2,1,1,0.5775,0.554292,0.52,1070,6697,7767,fall,2012,September,Tuesday,Clear/Partly cloudy,Weekday
620,2012-09-12,3,1,9,3,1,1,0.599167,0.570075,0.577083,1050,6820,7870,fall,2012,September,Wednesday,Clear/Partly cloudy,Weekday
621,2012-09-13,3,1,9,4,1,1,0.6125,0.579558,0.637083,1054,6750,7804,fall,2012,September,Thursday,Clear/Partly cloudy,Weekday
622,2012-09-14,3,1,9,5,1,1,0.633333,0.594083,0.6725,1379,6630,8009,fall,2012,September,Friday,Clear/Partly cloudy,Weekday
623,2012-09-15,3,1,9,6,0,1,0.608333,0.585867,0.501667,3160,5554,8714,fall,2012,September,Saturday,Clear/Partly cloudy,Weekend
624,2012-09-16,3,1,9,0,0,1,0.58,0.563125,0.57,2166,5167,7333,fall,2012,September,Sunday,Clear/Partly cloudy,Weekend
625,2012-09-17,3,1,9,1,1,2,0.580833,0.55305,0.734583,1022,5847,6869,fall,2012,September,Monday,Mist/Cloudy,Weekday
626,2012-09-18,3,1,9,2,1,2,0.623333,0.565067,0.8725,371,3702,4073,fall,2012,September,Tuesday,Mist/Cloudy,Weekday
627,2012-09-19,3,1,9,3,1,1,0.5525,0.540404,0.536667,788,6803,7591,fall,2012,September,Wednesday,Clear/Partly cloudy,Weekday
628,2012-09-20,3,1,9,4,1,1,0.546667,0.532192,0.618333,939,6781,7720,fall,2012,September,Thursday,Clear/Partly cloudy,Weekday
629,2012-09-21,3,1,9,5,1,1,0.599167,0.571971,0.66875,1250,6917,8167,fall,2012,September,Friday,Clear/Partly cloudy,Weekday
630,2012-09-22,3,1,9,6,0,1,0.65,0.610488,0.646667,2512,5883,8395,fall,2012,September,Saturday,Clear/Partly cloudy,Weekend
631,2012-09-23,4,1,9,0,0,1,0.529167,0.518933,0.467083,2454,5453,7907,winter,2012,September,Sunday,Clear/Partly cloudy,Weekend
632,2012-09-24,4,1,9,1,1,1,0.514167,0.502513,0.492917,1001,6435,7436,winter,2012,September,Monday,Clear/Partly cloudy,Weekday
633,2012-09-25,4,1,9,2,1,1,0.55,0.544179,0.57,845,6693,7538,winter,2012,September,Tuesday,Clear/Partly cloudy,Weekday
634,2012-09-26,4,1,9,3,1,1,0.635,0.596613,0.630833,787,6946,7733,winter,2012,September,Wednesday,Clear/Partly cloudy,Weekday
635,2012-09-27,4,1,9,4,1,2,0.65,0.607975,0.690833,751,6642,7393,winter,2012,September,Thursday,Mist/Cloudy,Weekday
636,2012-09-28,4,1,9,5,1,2,0.619167,0.585863,0.69,1045,6370,7415,winter,2012,September,Friday,Mist/Cloudy,Weekday
637,2012-09-29,4,1,9,6,0,1,0.5425,0.530296,0.542917,2589,5966,8555,winter,2012,September,Saturday,Clear/Partly cloudy,Weekend
638,2012-09-30,4,1,9,0,0,1,0.526667,0.517663,0.583333,2015,4874,6889,winter,2012,September,Sunday,Clear/Partly cloudy,Weekend
639,2012-10-01,4,1,10,1,1,2,0.520833,0.512,0.649167,763,6015,6778,winter,2012,October,Monday,Mist/Cloudy,Weekday
640,2012-10-02,4,1,10,2,1,3,0.590833,0.542333,0.871667,315,4324,4639,winter,2012,October,Tuesday,Light Snow/Rain,Weekday
641,2012-10-03,4,1,10,3,1,2,0.6575,0.599133,0.79375,728,6844,7572,winter,2012,October,Wednesday,Mist/Cloudy,Weekday
642,2012-10-04,4,1,10,4,1,2,0.6575,0.607975,0.722917,891,6437,7328,winter,2012,October,Thursday,Mist/Cloudy,Weekday
643,2012-10-05,4,1,10,5,1,1,0.615,0.580187,0.6275,1516,6640,8156,winter,2012,October,Friday,Clear/Partly cloudy,Weekday
644,2012-10-06,4,1,10,6,0,1,0.554167,0.538521,0.664167,3031,4934,7965,winter,2012,October,Saturday,Clear/Partly cloudy,Weekend
645,2012-10-07,4,1,10,0,0,2,0.415833,0.419813,0.708333,781,2729,3510,winter,2012,October,Sunday,Mist/Cloudy,Weekend
646,2012-10-08,4,1,10,1,0,2,0.383333,0.387608,0.709583,874,4604,5478,winter,2012,October,Monday,Mist/Cloudy,Weekend
647,2012-10-09,4,1,10,2,1,2,0.446667,0.438112,0.761667,601,5791,6392,winter,2012,October,Tuesday,Mist/Cloudy,Weekday
648,2012-10-10,4,1,10,3,1,1,0.514167,0.503142,0.630833,780,6911,7691,winter,2012,October,Wednesday,Clear/Partly cloudy,Weekday
649,2012-10-11,4,1,10,4,1,1,0.435,0.431167,0.463333,834,6736,7570,winter,2012,October,Thursday,Clear/Partly cloudy,Weekday
650,2012-10-12,4,1,10,5,1,1,0.4375,0.433071,0.539167,1060,6222,7282,winter,2012,October,Friday,Clear/Partly cloudy,Weekday
651,2012-10-13,4,1,10,6,0,1,0.393333,0.391396,0.494583,2252,4857,7109,winter,2012,October,Saturday,Clear/Partly cloudy,Weekend
652,2012-10-14,4,1,10,0,0,1,0.521667,0.508204,0.640417,2080,4559,6639,winter,2012,October,Sunday,Clear/Partly cloudy,Weekend
653,2012-10-15,4,1,10,1,1,2,0.561667,0.53915,0.7075,760,5115,5875,winter,2012,October,Monday,Mist/Cloudy,Weekday
654,2012-10-16,4,1,10,2,1,1,0.468333,0.460846,0.558333,922,6612,7534,winter,2012,October,Tuesday,Clear/Partly cloudy,Weekday
655,2012-10-17,4,1,10,3,1,1,0.455833,0.450108,0.692917,979,6482,7461,winter,2012,October,Wednesday,Clear/Partly cloudy,Weekday
656,2012-10-18,4,1,10,4,1,2,0.5225,0.512625,0.728333,1008,6501,7509,winter,2012,October,Thursday,Mist/Cloudy,Weekday
657,2012-10-19,4,1,10,5,1,2,0.563333,0.537896,0.815,753,4671,5424,winter,2012,October,Friday,Mist/Cloudy,Weekday
658,2012-10-20,4,1,10,6,0,1,0.484167,0.472842,0.572917,2806,5284,8090,winter,2012,October,Saturday,Clear/Partly cloudy,Weekend
659,2012-10-21,4,1,10,0,0,1,0.464167,0.456429,0.51,2132,4692,6824,winter,2012,October,Sunday,Clear/Partly cloudy,Weekend
660,2012-10-22,4,1,10,1,1,1,0.4875,0.482942,0.568333,830,6228,7058,winter,2012,October,Monday,Clear/Partly cloudy,Weekday
661,2012-10-23,4,1,10,2,1,1,0.544167,0.530304,0.641667,841,6625,7466,winter,2012,October,Tuesday,Clear/Partly cloudy,Weekday
662,2012-10-24,4,1,10,3,1,1,0.5875,0.558721,0.63625,795,6898,7693,winter,2012,October,Wednesday,Clear/Partly cloudy,Weekday
663,2012-10-25,4,1,10,4,1,2,0.55,0.529688,0.800417,875,6484,7359,winter,2012,October,Thursday,Mist/Cloudy,Weekday
664,2012-10-26,4,1,10,5,1,2,0.545833,0.52275,0.807083,1182,6262,7444,winter,2012,October,Friday,Mist/Cloudy,Weekday
665,2012-10-27,4,1,10,6,0,2,0.53,0.515133,0.72,2643,5209,7852,winter,2012,October,Saturday,Mist/Cloudy,Weekend
666,2012-10-28,4,1,10,0,0,2,0.4775,0.467771,0.694583,998,3461,4459,winter,2012,October,Sunday,Mist/Cloudy,Weekend
667,2012-10-29,4,1,10,1,1,3,0.44,0.4394,0.88,2,20,22,winter,2012,October,Monday,Light Snow/Rain,Weekday
668,2012-10-30,4,1,10,2,1,2,0.318182,0.309909,0.825455,87,1009,1096,winter,2012,October,Tuesday,Mist/Cloudy,Weekday
669,2012-10-31,4,1,10,3,1,2,0.3575,0.3611,0.666667,419,5147,5566,winter,2012,October,Wednesday,Mist/Cloudy,Weekday
670,2012-11-01,4,1,11,4,1,2,0.365833,0.369942,0.581667,466,5520,5986,winter,2012,November,Thursday,Mist/Cloudy,Weekday
671,2012-11-02,4,1,11,5,1,1,0.355,0.356042,0.522083,618,5229,5847,winter,2012,November,Friday,Clear/Partly cloudy,Weekday
672,2012-11-03,4,1,11,6,0,2,0.343333,0.323846,0.49125,1029,4109,5138,winter,2012,November,Saturday,Mist/Cloudy,Weekend
673,2012-11-04,4,1,11,0,0,1,0.325833,0.329538,0.532917,1201,3906,5107,winter,2012,November,Sunday,Clear/Partly cloudy,Weekend
674,2012-11-05,4,1,11,1,1,1,0.319167,0.308075,0.494167,378,4881,5259,winter,2012,November,Monday,Clear/Partly cloudy,Weekday
675,2012-11-06,4,1,11,2,1,1,0.280833,0.281567,0.567083,466,5220,5686,winter,2012,November,Tuesday,Clear/Partly cloudy,Weekday
676,2012-11-07,4,1,11,3,1,2,0.295833,0.274621,0.5475,326,4709,5035,winter,2012,November,Wednesday,Mist/Cloudy,Weekday
677,2012-11-08,4,1,11,4,1,1,0.352174,0.341891,0.333478,340,4975,5315,winter,2012,November,Thursday,Clear/Partly cloudy,Weekday
678,2012-11-09,4,1,11,5,1,1,0.361667,0.355413,0.540833,709,5283,5992,winter,2012,November,Friday,Clear/Partly cloudy,Weekday
679,2012-11-10,4,1,11,6,0,1,0.389167,0.393937,0.645417,2090,4446,6536,winter,2012,November,Saturday,Clear/Partly cloudy,Weekend
680,2012-11-11,4,1,11,0,0,1,0.420833,0.421713,0.659167,2290,4562,6852,winter,2012,November,Sunday,Clear/Partly cloudy,Weekend
681,2012-11-12,4,1,11,1,0,1,0.485,0.475383,0.741667,1097,5172,6269,winter,2012,November,Monday,Clear/Partly cloudy,Weekend
682,2012-11-13,4,1,11,2,1,2,0.343333,0.323225,0.662917,327,3767,4094,winter,2012,November,Tuesday,Mist/Cloudy,Weekday
683,2012-11-14,4,1,11,3,1,1,0.289167,0.281563,0.552083,373,5122,5495,winter,2012,November,Wednesday,Clear/Partly cloudy,Weekday
684,2012-11-15,4,1,11,4,1,2,0.321667,0.324492,0.620417,320,5125,5445,winter,2012,November,Thursday,Mist/Cloudy,Weekday
685,2012-11-16,4,1,11,5,1,1,0.345,0.347204,0.524583,484,5214,5698,winter,2012,November,Friday,Clear/Partly cloudy,Weekday
686,2012-11-17,4,1,11,6,0,1,0.325,0.326383,0.545417,1313,4316,5629,winter,2012,November,Saturday,Clear/Partly cloudy,Weekend
687,2012-11-18,4,1,11,0,0,1,0.3425,0.337746,0.692917,922,3747,4669,winter,2012,November,Sunday,Clear/Partly cloudy,Weekend
688,2012-11-19,4,1,11,1,1,2,0.380833,0.375621,0.623333,449,5050,5499,winter,2012,November,Monday,Mist/Cloudy,Weekday
689,2012-11-20,4,1,11,2,1,2,0.374167,0.380667,0.685,534,5100,5634,winter,2012,November,Tuesday,Mist/Cloudy,Weekday
690,2012-11-21,4,1,11,3,1,1,0.353333,0.364892,0.61375,615,4531,5146,winter,2012,November,Wednesday,Clear/Partly cloudy,Weekday
691,2012-11-22,4,1,11,4,0,1,0.34,0.350371,0.580417,955,1470,2425,winter,2012,November,Thursday,Clear/Partly cloudy,Weekend
692,2012-11-23,4,1,11,5,1,1,0.368333,0.378779,0.56875,1603,2307,3910,winter,2012,November,Friday,Clear/Partly cloudy,Weekday
693,2012-11-24,4,1,11,6,0,1,0.278333,0.248742,0.404583,532,1745,2277,winter,2012,November,Saturday,Clear/Partly cloudy,Weekend
694,2012-11-25,4,1,11,0,0,1,0.245833,0.257583,0.468333,309,2115,2424,winter,2012,November,Sunday,Clear/Partly cloudy,Weekend
695,2012-11-26,4,1,11,1,1,1,0.313333,0.339004,0.535417,337,4750,5087,winter,2012,November,Monday,Clear/Partly cloudy,Weekday
696,2012-11-27,4,1,11,2,1,2,0.291667,0.281558,0.786667,123,3836,3959,winter,2012,November,Tuesday,Mist/Cloudy,Weekday
697,2012-11-28,4,1,11,3,1,1,0.296667,0.289762,0.50625,198,5062,5260,winter,2012,November,Wednesday,Clear/Partly cloudy,Weekday
698,2012-11-29,4,1,11,4,1,1,0.28087,0.298422,0.555652,243,5080,5323,winter,2012,November,Thursday,Clear/Partly cloudy,Weekday
699,2012-11-30,4,1,11,5,1,1,0.298333,0.323867,0.649583,362,5306,5668,winter,2012,November,Friday,Clear/Partly cloudy,Weekday
700,2012-12-01,4,1,12,6,0,2,0.298333,0.316904,0.806667,951,4240,5191,winter,2012,December,Saturday,Mist/Cloudy,Weekend
701,2012-12-02,4,1,12,0,0,2,0.3475,0.359208,0.823333,892,3757,4649,winter,2012,December,Sunday,Mist/Cloudy,Weekend
702,2012-12-03,4,1,12,1,1,1,0.4525,0.455796,0.7675,555,5679,6234,winter,2012,December,Monday,Clear/Partly cloudy,Weekday
703,2012-12-04,4,1,12,2,1,1,0.475833,0.469054,0.73375,551,6055,6606,winter,2012,December,Tuesday,Clear/Partly cloudy,Weekday
704,2012-12-05,4,1,12,3,1,1,0.438333,0.428012,0.485,331,5398,5729,winter,2012,December,Wednesday,Clear/Partly cloudy,Weekday
705,2012-12-06,4,1,12,4,1,1,0.255833,0.258204,0.50875,340,5035,5375,winter,2012,December,Thursday,Clear/Partly cloudy,Weekday
706,2012-12-07,4,1,12,5,1,2,0.320833,0.321958,0.764167,349,4659,5008,winter,2012,December,Friday,Mist/Cloudy,Weekday
707,2012-12-08,4,1,12,6,0,2,0.381667,0.389508,0.91125,1153,4429,5582,winter,2012,December,Saturday,Mist/Cloudy,Weekend
708,2012-12-09,4,1,12,0,0,2,0.384167,0.390146,0.905417,441,2787,3228,winter,2012,December,Sunday,Mist/Cloudy,Weekend
709,2012-12-10,4,1,12,1,1,2,0.435833,0.435575,0.925,329,4841,5170,winter,2012,December,Monday,Mist/Cloudy,Weekday
710,2012-12-11,4,1,12,2,1,2,0.353333,0.338363,0.596667,282,5219,5501,winter,2012,December,Tuesday,Mist/Cloudy,Weekday
711,2012-12-12,4,1,12,3,1,2,0.2975,0.297338,0.538333,310,5009,5319,winter,2012,December,Wednesday,Mist/Cloudy,Weekday
712,2012-12-13,4,1,12,4,1,1,0.295833,0.294188,0.485833,425,5107,5532,winter,2012,December,Thursday,Clear/Partly cloudy,Weekday
713,2012-12-14,4,1,12,5,1,1,0.281667,0.294192,0.642917,429,5182,5611,winter,2012,December,Friday,Clear/Partly cloudy,Weekday
714,2012-12-15,4,1,12,6,0,1,0.324167,0.338383,0.650417,767,4280,5047,winter,2012,December,Saturday,Clear/Partly cloudy,Weekend
715,2012-12-16,4,1,12,0,0,2,0.3625,0.369938,0.83875,538,3248,3786,winter,2012,December,Sunday,Mist/Cloudy,Weekend
716,2012-12-17,4,1,12,1,1,2,0.393333,0.4015,0.907083,212,4373,4585,winter,2012,December,Monday,Mist/Cloudy,Weekday
717,2012-12-18,4,1,12,2,1,1,0.410833,0.409708,0.66625,433,5124,5557,winter,2012,December,Tuesday,Clear/Partly cloudy,Weekday
718,2012-12-19,4,1,12,3,1,1,0.3325,0.342162,0.625417,333,4934,5267,winter,2012,December,Wednesday,Clear/Partly cloudy,Weekday
719,2012-12-20,4,1,12,4,1,2,0.33,0.335217,0.667917,314,3814,4128,winter,2012,December,Thursday,Mist/Cloudy,Weekday
720,2012-12-21,1,1,12,5,1,2,0.326667,0.301767,0.556667,221,3402,3623,spring,2012,December,Friday,Mist/Cloudy,Weekday
721,2012-12-22,1,1,12,6,0,1,0.265833,0.236113,0.44125,205,1544,1749,spring,2012,December,Saturday,Clear/Partly cloudy,Weekend
722,2012-12-23,1,1,12,0,0,1,0.245833,0.259471,0.515417,408,1379,1787,spring,2012,December,Sunday,Clear/Partly cloudy,Weekend
723,2012-12-24,1,1,12,1,1,2,0.231304,0.2589,0.791304,174,746,920,spring,2012,December,Monday,Mist/Cloudy,Weekday
724,2012-12-25,1,1,12,2,0,2,0.291304,0.294465,0.734783,440,573,1013,spring,2012,December,Tuesday,Mist/Cloudy,Weekend
725,2012-12-26,1,1,12,3,1,3,0.243333,0.220333,0.823333,9,432,441,spring,2012,December,Wednesday,Light Snow/Rain,Weekday
726,2012-12-27,1,1,12,4,1,2,0.254167,0.226642,0.652917,247,1867,2114,spring,2012,December,Thursday,Mist/Cloudy,Weekday
727,2012-12-28,1,1,12,5,1,2,0.253333,0.255046,0.59,644,2451,3095,spring,2012,December,Friday,Mist/Cloudy,Weekday
728,2012-12-29,1,1,12,6,0,2,0.253333,0.2424,0.752917,159,1182,1341,spring,2012,December,Saturday,Mist/Cloudy,Weekend
729,2012-12-30,1,1,12,0,0,1,0.255833,0.2317,0.483333,364,1432,1796,spring,2012,December,Sunday,Clear/Partly cloudy,Weekend
730,2012-12-31,1,1,12,1,1,2,0.215833,0.223487,0.5775,439,2290,2729,spring,2012,December,Monday,Mist/Cloudy,Weekday
